MappedinID,AreaListID_23,AreaListID_25,ChangedColumns,Name_23,Name_25,VN_23,VN_25,EN_23,EN_25,ZH_23,ZH_25,JA_23,JA_25,KO_23,KO_25
ar_609dfeae555b75ef,282,282,Name,Phòng chờ ga đi quốc nội,Khu ga đi quốc nội,Khu ga đi quốc nội,Khu ga đi quốc nội,Domestic Departure Lounge,Domestic Departure Lounge,国内出发候机室,国内出发候机室,国内線出発ラウンジ,国内線出発ラウンジ,국내선 출발 라운지,국내선 출발 라운지
ar_94d47534dac8f29e,280,280,Name|VN,Phòng chờ ga đi quốc nội,Khu ga đi quốc nội,Phòng chờ ga đi quốc nội,Khu ga đi quốc nội,Domestic Departure Lounge,Domestic Departure Lounge,国内出发候机室,国内出发候机室,国内線出発ラウンジ,国内線出発ラウンジ,국내선 출발 라운지,국내선 출발 라운지
ar_b6805ba02dd5abab,283,283,Name,Phòng chờ ga đi quốc nội,Khu ga đi quốc nội,Khu ga đi quốc nội,Khu ga đi quốc nội,Domestic Departure Lounge,Domestic Departure Lounge,国内出发候机室,国内出发候机室,国内線出発ラウンジ,国内線出発ラウンジ,국내선 출발 라운지,국내선 출발 라운지
ar_f7b316f41cac3eb7,281,281,Name,Phòng chờ ga đi quốc nội,Khu ga đi quốc nội,Khu ga đi quốc nội,Khu ga đi quốc nội,Domestic Departure Lounge,Domestic Departure Lounge,国内出发候机室,国内出发候机室,国内線出発ラウンジ,国内線出発ラウンジ,국내선 출발 라운지,국내선 출발 라운지
e_001ce4cb42b325b9,1765,1765,Name,e_001ce4cb42b325b9,N,N,N,N,N,,,,,,
e_00bcdf85955fb6af,951,951,Name,e_00bcdf85955fb6af,N,N,N,N,N,,,,,,
e_0113c7667ff9e30b,1267,1267,Name,e_0113c7667ff9e30b,N,N,N,N,N,,,,,,
e_01333d257831d6e2,2359,2359,Name,e_01333d257831d6e2,N,N,N,N,N,,,,,,
e_013489d65469046d,1739,1739,Name,e_013489d65469046d,N,N,N,N,N,,,,,,
e_018e9c2385dad60c,901,901,Name,e_018e9c2385dad60c,N,N,N,N,N,,,,,,
e_03ba791bb9bcb424,1814,1814,Name,e_03ba791bb9bcb424,N,N,N,N,N,,,,,,
e_03d8897659c07aee,1678,1678,Name,e_03d8897659c07aee,N,N,N,N,N,,,,,,
e_04cc043b47e5dc5d,1022,1022,Name,e_04cc043b47e5dc5d,N,N,N,N,N,,,,,,
e_0684ff4cf60de71b,1805,1805,Name,e_0684ff4cf60de71b,N,N,N,N,N,,,,,,
e_06cb49334cdddd77,1685,1685,Name,e_06cb49334cdddd77,N,N,N,N,N,,,,,,
e_075fb855aa11d07d,1242,1242,Name,e_075fb855aa11d07d,N,N,N,N,N,,,,,,
e_07906759fbdc96dd,859,859,Name,e_07906759fbdc96dd,N,N,N,N,N,,,,,,
e_086336bea3d78fb4,782,782,Name,e_086336bea3d78fb4,N,N,N,N,N,,,,,,
e_09293489c40e409f,1673,1673,Name,e_09293489c40e409f,N,N,N,N,N,,,,,,
e_094c89955cd8f274,1059,1059,Name,e_094c89955cd8f274,N,N,N,N,N,,,,,,
e_099aeca2efc89d8f,1730,1730,Name,e_099aeca2efc89d8f,N,N,N,N,N,,,,,,
e_09d10ff800fe3f43,736,736,Name,e_09d10ff800fe3f43,N,N,N,N,N,,,,,,
e_09ddcb92896caf7f,818,818,Name,e_09ddcb92896caf7f,N,N,N,N,N,,,,,,
e_0a55615dc5a0ce5f,843,843,Name,e_0a55615dc5a0ce5f,N,N,N,N,N,,,,,,
e_0a857c25c94d9624,817,817,Name,e_0a857c25c94d9624,N,N,N,N,N,,,,,,
e_0a8b4f3d47c0384e,1122,1122,Name,e_0a8b4f3d47c0384e,N,N,N,N,N,,,,,,
e_0aae06456523484a,819,819,Name,e_0aae06456523484a,N,N,N,N,N,,,,,,
e_0b5dc8a9447b6f35,1652,1652,Name,e_0b5dc8a9447b6f35,N,N,N,N,N,,,,,,
e_0b5e2926e90a2fca,2373,2373,Name,e_0b5e2926e90a2fca,N,N,N,N,N,,,,,,
e_0b9de588d7de8c90,895,895,Name,e_0b9de588d7de8c90,N,N,N,N,N,,,,,,
e_0bba2c5b6d5c677d,1180,1180,Name,e_0bba2c5b6d5c677d,N,N,N,N,N,,,,,,
e_0bc514e39e9c866c,1794,1794,Name,e_0bc514e39e9c866c,N,N,N,N,N,,,,,,
e_0c3402a0dc097c7b,923,923,Name,e_0c3402a0dc097c7b,N,N,N,N,N,,,,,,
e_0cfe33dcca20c622,989,989,Name,e_0cfe33dcca20c622,N,N,N,N,N,,,,,,
e_0dc6fbcb3e9ebc17,993,993,Name,e_0dc6fbcb3e9ebc17,N,N,N,N,N,,,,,,
e_0e451b808cd4f034,1636,1636,Name,e_0e451b808cd4f034,N,N,N,N,N,,,,,,
e_0e49c11f81a7e4bb,1753,1753,Name,e_0e49c11f81a7e4bb,N,N,N,N,N,,,,,,
e_0e6e9948163ee088,1044,1044,Name,e_0e6e9948163ee088,N,N,N,N,N,,,,,,
e_0e7ff9a8bd8eff1e,1189,1189,Name,e_0e7ff9a8bd8eff1e,N,N,N,N,N,,,,,,
e_0ed064b01b318571,1804,1804,Name,e_0ed064b01b318571,N,N,N,N,N,,,,,,
e_0ef9c56b9b07af26,1104,1104,Name,e_0ef9c56b9b07af26,N,N,N,N,N,,,,,,
e_0f98a0000baa1d08,921,921,Name,e_0f98a0000baa1d08,N,N,N,N,N,,,,,,
e_0fb53269dfcc8363,1661,1661,Name,e_0fb53269dfcc8363,N,N,N,N,N,,,,,,
e_0fe070ce974aa7d5,1608,1608,Name,e_0fe070ce974aa7d5,N,N,N,N,N,,,,,,
e_0ff3a64989f89ea0,856,856,Name,e_0ff3a64989f89ea0,N,N,N,N,N,,,,,,
e_0ffce07e80c1ccde,831,831,Name,e_0ffce07e80c1ccde,N,N,N,N,N,,,,,,
e_10de86792b3f3efd,1752,1752,Name,e_10de86792b3f3efd,N,N,N,N,N,,,,,,
e_112c989219b180d1,2394,2394,Name,e_112c989219b180d1,N,N,N,N,N,,,,,,
e_11cc08edbad34f77,841,841,Name,e_11cc08edbad34f77,N,N,N,N,N,,,,,,
e_11f611a5cc2a29a3,1053,1053,Name,e_11f611a5cc2a29a3,N,N,N,N,N,,,,,,
e_1225c41d25c1e81e,1221,1221,Name,e_1225c41d25c1e81e,N,N,N,N,N,,,,,,
e_12c395606cf2acf6,871,871,Name,e_12c395606cf2acf6,N,N,N,N,N,,,,,,
e_13a230d9f8812882,934,934,Name,e_13a230d9f8812882,N,N,N,N,N,,,,,,
e_146856eaca08bb73,1705,1705,Name,e_146856eaca08bb73,N,N,N,N,N,,,,,,
e_14d881f842d609fa,796,796,Name,e_14d881f842d609fa,N,N,N,N,N,,,,,,
e_1528597c8e29d1c3,933,933,Name,e_1528597c8e29d1c3,N,N,N,N,N,,,,,,
e_157f7996be731645,1653,1653,Name,e_157f7996be731645,N,N,N,N,N,,,,,,
e_172d175763dd6c95,1737,1737,Name,e_172d175763dd6c95,N,N,N,N,N,,,,,,
e_175bc588a7e1a507,845,845,Name,e_175bc588a7e1a507,N,N,N,N,N,,,,,,
e_177df18bba25ea91,2366,2366,Name,e_177df18bba25ea91,N,N,N,N,N,,,,,,
e_17c27c3113a86d48,1216,1216,Name,e_17c27c3113a86d48,N,N,N,N,N,,,,,,
e_17c4a9864d75bebe,2361,2361,Name,e_17c4a9864d75bebe,N,N,N,N,N,,,,,,
e_185f664f386facc4,1723,1723,Name,e_185f664f386facc4,N,N,N,N,N,,,,,,
e_1a0cdbf08cc172e8,938,938,Name,e_1a0cdbf08cc172e8,N,N,N,N,N,,,,,,
e_1a132fa6167b1486,2387,2387,Name,e_1a132fa6167b1486,N,N,N,N,N,,,,,,
e_1a696e5d6c1d4bdb,794,794,Name,e_1a696e5d6c1d4bdb,N,N,N,N,N,,,,,,
e_1a73b81145cbb3d7,2422,2422,Name,e_1a73b81145cbb3d7,N,N,N,N,N,,,,,,
e_1abcbd875ee5d7fe,1263,1263,Name,e_1abcbd875ee5d7fe,N,N,N,N,N,,,,,,
e_1b0a068e989a2fe9,1208,1208,Name,e_1b0a068e989a2fe9,N,N,N,N,N,,,,,,
e_1b65cad68f1931fc,1172,1172,Name,e_1b65cad68f1931fc,N,N,N,N,N,,,,,,
e_1b6d058c0e337394,2398,2398,Name,e_1b6d058c0e337394,N,N,N,N,N,,,,,,
e_1bf1d30ad2d6edfe,1758,1758,Name,e_1bf1d30ad2d6edfe,N,N,N,N,N,,,,,,
e_1c3d14cbda5bdaf8,1212,1212,Name,e_1c3d14cbda5bdaf8,N,N,N,N,N,,,,,,
e_1cb7a82dd73cda7f,1696,1696,Name,e_1cb7a82dd73cda7f,N,N,N,N,N,,,,,,
e_1ccef84e8f12e68b,1816,1816,Name,e_1ccef84e8f12e68b,N,N,N,N,N,,,,,,
e_1d946b56b6dc52ba,1823,1823,Name,e_1d946b56b6dc52ba,N,N,N,N,N,,,,,,
e_1f14f36bbdc67e72,1003,1003,Name,e_1f14f36bbdc67e72,N,N,N,N,N,,,,,,
e_1f39e497486c9d3f,1757,1757,Name,e_1f39e497486c9d3f,N,N,N,N,N,,,,,,
e_1f6eaeec9868013b,1819,1819,Name,e_1f6eaeec9868013b,N,N,N,N,N,,,,,,
e_1f91f239ffd48fa6,1624,1624,Name,e_1f91f239ffd48fa6,N,N,N,N,N,,,,,,
e_20379f6d599fd97e,1001,1001,Name,e_20379f6d599fd97e,N,N,N,N,N,,,,,,
e_209afe1a937ab3e4,954,954,Name,e_209afe1a937ab3e4,N,N,N,N,N,,,,,,
e_20e961caf8ba07da,936,936,Name,e_20e961caf8ba07da,N,N,N,N,N,,,,,,
e_215b05c4259a2bf8,2369,2369,Name,e_215b05c4259a2bf8,N,N,N,N,N,,,,,,
e_21a10b9ec5fda6af,1773,1773,Name,e_21a10b9ec5fda6af,N,N,N,N,N,,,,,,
e_21dada8e5c9356f3,2378,2378,Name,e_21dada8e5c9356f3,N,N,N,N,N,,,,,,
e_2239003de2f81ebe,754,754,Name,e_2239003de2f81ebe,N,N,N,N,N,,,,,,
e_22e608c058f4988f,1187,1187,Name,e_22e608c058f4988f,N,N,N,N,N,,,,,,
e_22f97e91459ea324,1720,1720,Name,e_22f97e91459ea324,N,N,N,N,N,,,,,,
e_2301ed5b9f20cd81,1703,1703,Name,e_2301ed5b9f20cd81,N,N,N,N,N,,,,,,
e_235bd91d41fc5f2b,1613,1613,Name,e_235bd91d41fc5f2b,N,N,N,N,N,,,,,,
e_235f29ebad164e12,987,987,Name,e_235f29ebad164e12,N,N,N,N,N,,,,,,
e_23fb5969afe37664,1815,1815,Name,e_23fb5969afe37664,N,N,N,N,N,,,,,,
e_248f8bcdbc7eeb29,1127,1127,Name,e_248f8bcdbc7eeb29,N,N,N,N,N,,,,,,
e_24a54fc0d863083c,1205,1205,Name,e_24a54fc0d863083c,N,N,N,N,N,,,,,,
e_25b55d990bae785e,1761,1761,Name,e_25b55d990bae785e,N,N,N,N,N,,,,,,
e_2627c83ecd6547a8,821,821,Name,e_2627c83ecd6547a8,N,N,N,N,N,,,,,,
e_26aada753e1c4a94,875,875,Name,e_26aada753e1c4a94,N,N,N,N,N,,,,,,
e_26ecb72400c725f1,1813,1813,Name,e_26ecb72400c725f1,N,N,N,N,N,,,,,,
e_272334b44fbb2965,964,964,Name,e_272334b44fbb2965,N,N,N,N,N,,,,,,
e_272cb864f00ad45a,927,927,Name,e_272cb864f00ad45a,N,N,N,N,N,,,,,,
e_282f417eab5d4de1,1067,1067,Name,e_282f417eab5d4de1,N,N,N,N,N,,,,,,
e_285fdcbc8eaa3497,787,787,Name,e_285fdcbc8eaa3497,N,N,N,N,N,,,,,,
e_293b336c61406fbd,1726,1726,Name,e_293b336c61406fbd,N,N,N,N,N,,,,,,
e_2964139e2d10cf9e,1679,1679,Name,e_2964139e2d10cf9e,N,N,N,N,N,,,,,,
e_2a521166202b5543,739,739,Name,e_2a521166202b5543,N,N,N,N,N,,,,,,
e_2a983821790874d2,809,809,Name,e_2a983821790874d2,N,N,N,N,N,,,,,,
e_2b5eca94c48f412b,2111,2111,Name,e_2b5eca94c48f412b,N,N,N,N,N,,,,,,
e_2b90d33edb761d5c,1199,1199,Name,e_2b90d33edb761d5c,N,N,N,N,N,,,,,,
e_2bf874db9fcd9b2c,1250,1250,Name,e_2bf874db9fcd9b2c,N,N,N,N,N,,,,,,
e_2c6660a2e667b52d,2381,2381,Name,e_2c6660a2e667b52d,N,N,N,N,N,,,,,,
e_2cc173f862397c69,2059,2059,Name,e_2cc173f862397c69,N,N,N,N,N,,,,,,
e_2d71760e9fcf678d,795,795,Name,e_2d71760e9fcf678d,N,N,N,N,N,,,,,,
e_2e07609d51fe8ada,1633,1633,Name,e_2e07609d51fe8ada,N,N,N,N,N,,,,,,
e_2e0a5976f442dbb0,918,918,Name,e_2e0a5976f442dbb0,N,N,N,N,N,,,,,,
e_2e2b7ae64966d72c,1662,1662,Name,e_2e2b7ae64966d72c,N,N,N,N,N,,,,,,
e_2ea4d578268c156f,1593,1593,Name,e_2ea4d578268c156f,N,N,N,N,N,,,,,,
e_2ebc0c639ff9e3fa,1006,1006,Name,e_2ebc0c639ff9e3fa,N,N,N,N,N,,,,,,
e_2efad3b733f792a0,1656,1656,Name,e_2efad3b733f792a0,N,N,N,N,N,,,,,,
e_2f2c379fcc1f62b3,952,952,Name,e_2f2c379fcc1f62b3,N,N,N,N,N,,,,,,
e_309b03a8d5bdd04a,891,891,Name,e_309b03a8d5bdd04a,N,N,N,N,N,,,,,,
e_31ae1a0bab430af6,1097,1097,Name,e_31ae1a0bab430af6,N,N,N,N,N,,,,,,
e_3238e2bd86d68d7d,1721,1721,Name,e_3238e2bd86d68d7d,N,N,N,N,N,,,,,,
e_3296af8ec58ede03,922,922,Name,e_3296af8ec58ede03,N,N,N,N,N,,,,,,
e_32c8b347d6714dc0,1658,1658,Name,e_32c8b347d6714dc0,N,N,N,N,N,,,,,,
e_332e225cce2c1b0e,1708,1708,Name,e_332e225cce2c1b0e,N,N,N,N,N,,,,,,
e_333c8545f1bc584c,1618,1618,Name,e_333c8545f1bc584c,N,N,N,N,N,,,,,,
e_33514b118b4be558,1174,1174,Name,e_33514b118b4be558,N,N,N,N,N,,,,,,
e_34327a68a306d00a,803,803,Name,e_34327a68a306d00a,N,N,N,N,N,,,,,,
e_349ff50831ee8a0f,2060,2060,Name,e_349ff50831ee8a0f,N,N,N,N,N,,,,,,
e_354637eb7a52898e,788,788,Name,e_354637eb7a52898e,N,N,N,N,N,,,,,,
e_3553ab17ee60238a,797,797,Name,e_3553ab17ee60238a,N,N,N,N,N,,,,,,
e_35be8f723853c19b,1619,1619,Name,e_35be8f723853c19b,N,N,N,N,N,,,,,,
e_360f71cff219e17b,1605,1605,Name,e_360f71cff219e17b,N,N,N,N,N,,,,,,
e_36a3c8f2cfeb26d0,2116,2116,Name,e_36a3c8f2cfeb26d0,N,N,N,N,N,,,,,,
e_36aaf8d912991b3d,1595,1595,Name,e_36aaf8d912991b3d,N,N,N,N,N,,,,,,
e_36d1e7a45f166a7e,1610,1610,Name,e_36d1e7a45f166a7e,N,N,N,N,N,,,,,,
e_37e0b8c333e6d763,776,776,Name,e_37e0b8c333e6d763,N,N,N,N,N,,,,,,
e_37e38993c2b73df2,748,748,Name,e_37e38993c2b73df2,N,N,N,N,N,,,,,,
e_37e8395804e06671,2388,2388,Name,e_37e8395804e06671,N,N,N,N,N,,,,,,
e_3809377dde83df35,1012,1012,Name,e_3809377dde83df35,N,N,N,N,N,,,,,,
e_384e88a7238c4f60,1215,1215,Name,e_384e88a7238c4f60,N,N,N,N,N,,,,,,
e_38667e407f91b123,1181,1181,Name,e_38667e407f91b123,N,N,N,N,N,,,,,,
e_3938eeebf8a93ece,1227,1227,Name,e_3938eeebf8a93ece,N,N,N,N,N,,,,,,
e_39e45d69bca0091e,1716,1716,Name,e_39e45d69bca0091e,N,N,N,N,N,,,,,,
e_39f95f7ac59abc1a,829,829,Name,e_39f95f7ac59abc1a,N,N,N,N,N,,,,,,
e_3a3a849f31f092ef,1769,1769,Name,e_3a3a849f31f092ef,N,N,N,N,N,,,,,,
e_3ac9eba35aca85c6,2355,2355,Name,e_3ac9eba35aca85c6,N,N,N,N,N,,,,,,
e_3ae92f0eedc56d55,2119,2119,Name,e_3ae92f0eedc56d55,N,N,N,N,N,,,,,,
e_3b58f5025e913b3c,1770,1770,Name,e_3b58f5025e913b3c,N,N,N,N,N,,,,,,
e_3b7b6c14f77c3f66,1733,1733,Name,e_3b7b6c14f77c3f66,N,N,N,N,N,,,,,,
e_3c554be816ad865b,1766,1766,Name,e_3c554be816ad865b,N,N,N,N,N,,,,,,
e_3c7c19f81f2dfa39,931,931,Name,e_3c7c19f81f2dfa39,N,N,N,N,N,,,,,,
e_3d0537dede592dc8,2397,2397,Name,e_3d0537dede592dc8,N,N,N,N,N,,,,,,
e_3d776feb59977073,1702,1702,Name,e_3d776feb59977073,N,N,N,N,N,,,,,,
e_3d9452608743e844,804,804,Name,e_3d9452608743e844,N,N,N,N,N,,,,,,
e_3d9c1c8ec19c3340,1086,1086,Name,e_3d9c1c8ec19c3340,N,N,N,N,N,,,,,,
e_3da6ea5c181604fc,742,742,Name,e_3da6ea5c181604fc,N,N,N,N,N,,,,,,
e_3e8c5e5525220144,1784,1784,Name,e_3e8c5e5525220144,N,N,N,N,N,,,,,,
e_3ea4031e860f1263,909,909,Name,e_3ea4031e860f1263,N,N,N,N,N,,,,,,
e_3ec7866def662ae1,824,824,Name,e_3ec7866def662ae1,N,N,N,N,N,,,,,,
e_3ed87d524550b426,1064,1064,Name,e_3ed87d524550b426,N,N,N,N,N,,,,,,
e_3f07963624520f98,920,920,Name,e_3f07963624520f98,N,N,N,N,N,,,,,,
e_3fcde9dc95e98985,1614,1614,Name,e_3fcde9dc95e98985,N,N,N,N,N,,,,,,
e_400ce6d9190c6c42,1165,1165,Name,e_400ce6d9190c6c42,N,N,N,N,N,,,,,,
e_40366dae1e4a05c1,1228,1228,Name,e_40366dae1e4a05c1,N,N,N,N,N,,,,,,
e_40dcdb374d656131,1806,1806,Name,e_40dcdb374d656131,N,N,N,N,N,,,,,,
e_40f7c7f25fb18eb7,1111,1111,Name,e_40f7c7f25fb18eb7,N,N,N,N,N,,,,,,
e_410cdfb56518ec6d,837,837,Name,e_410cdfb56518ec6d,N,N,N,N,N,,,,,,
e_411473e4256177a5,885,885,Name,e_411473e4256177a5,N,N,N,N,N,,,,,,
e_416d796d37bcb8c3,1742,1742,Name,e_416d796d37bcb8c3,N,N,N,N,N,,,,,,
e_41940c03616230ba,2379,2379,Name,e_41940c03616230ba,N,N,N,N,N,,,,,,
e_41f7cf8e26e8a37f,1190,1190,Name,e_41f7cf8e26e8a37f,N,N,N,N,N,,,,,,
e_4232bd850a26337a,1627,1627,Name,e_4232bd850a26337a,N,N,N,N,N,,,,,,
e_427a4aaeb0f7d17b,1121,1121,Name,e_427a4aaeb0f7d17b,N,N,N,N,N,,,,,,
e_4390444644ac32d0,1744,1744,Name,e_4390444644ac32d0,N,N,N,N,N,,,,,,
e_4394e47b51dd3c58,1196,1196,Name,e_4394e47b51dd3c58,N,N,N,N,N,,,,,,
e_43a1d94e625bcb1a,1731,1731,Name,e_43a1d94e625bcb1a,N,N,N,N,N,,,,,,
e_4502c56a95f856ec,880,880,Name,e_4502c56a95f856ec,N,N,N,N,N,,,,,,
e_452bf9221699c613,1817,1817,Name,e_452bf9221699c613,N,N,N,N,N,,,,,,
e_4575cfe3dff4ebdc,855,855,Name,e_4575cfe3dff4ebdc,N,N,N,N,N,,,,,,
e_458b836068312ee6,1704,1704,Name,e_458b836068312ee6,N,N,N,N,N,,,,,,
e_45b97734be1c55b4,1103,1103,Name,e_45b97734be1c55b4,N,N,N,N,N,,,,,,
e_461cdb34df3a3df2,725,725,Name,e_461cdb34df3a3df2,N,N,N,N,N,,,,,,
e_465020cac42901f2,1175,1175,Name,e_465020cac42901f2,N,N,N,N,N,,,,,,
e_46abf12aaf7d5f48,780,780,Name,e_46abf12aaf7d5f48,N,N,N,N,N,,,,,,
e_46c476497d45fa74,1741,1741,Name,e_46c476497d45fa74,N,N,N,N,N,,,,,,
e_4798ddf5e5dcb80b,830,830,Name,e_4798ddf5e5dcb80b,N,N,N,N,N,,,,,,
e_47e850737320a471,1735,1735,Name,e_47e850737320a471,N,N,N,N,N,,,,,,
e_47f39009af7c2416,1729,1729,Name,e_47f39009af7c2416,N,N,N,N,N,,,,,,
e_4809103b343db75c,1725,1725,Name,e_4809103b343db75c,N,N,N,N,N,,,,,,
e_4820d0bb86b7d8e2,1722,1722,Name,e_4820d0bb86b7d8e2,N,N,N,N,N,,,,,,
e_487242c4ebb12b65,1223,1223,Name,e_487242c4ebb12b65,N,N,N,N,N,,,,,,
e_48ffb259a06d4ff6,896,896,Name,e_48ffb259a06d4ff6,N,N,N,N,N,,,,,,
e_4971228cb1694c66,2399,2399,Name,e_4971228cb1694c66,N,N,N,N,N,,,,,,
e_49a9607b8f4980cf,1182,1182,Name,e_49a9607b8f4980cf,N,N,N,N,N,,,,,,
e_49e6129a6cfc4490,1123,1123,Name,e_49e6129a6cfc4490,N,N,N,N,N,,,,,,
e_49f8e61ff72318d5,761,761,Name,e_49f8e61ff72318d5,N,N,N,N,N,,,,,,
e_4a69432e5c5a5221,1740,1740,Name,e_4a69432e5c5a5221,N,N,N,N,N,,,,,,
e_4af0b528fc8a1674,806,806,Name,e_4af0b528fc8a1674,N,N,N,N,N,,,,,,
e_4d05965469945c3e,929,929,Name,e_4d05965469945c3e,N,N,N,N,N,,,,,,
e_4d7fdaefbc5e8050,747,747,Name,e_4d7fdaefbc5e8050,N,N,N,N,N,,,,,,
e_4d8d34d77f20b0ba,1687,1687,Name,e_4d8d34d77f20b0ba,N,N,N,N,N,,,,,,
e_4df33e156692a954,786,786,Name,e_4df33e156692a954,N,N,N,N,N,,,,,,
e_4df3deed47b09e13,1051,1051,Name,e_4df3deed47b09e13,N,N,N,N,N,,,,,,
e_4dfc72380c5e9cb3,807,807,Name,e_4dfc72380c5e9cb3,N,N,N,N,N,,,,,,
e_4dfe2c570fc6a0dc,1822,1822,Name,e_4dfe2c570fc6a0dc,N,N,N,N,N,,,,,,
e_4e1ee960d018621b,889,889,Name,e_4e1ee960d018621b,N,N,N,N,N,,,,,,
e_4ef4ad6e8e50f77c,2057,2057,Name,e_4ef4ad6e8e50f77c,N,N,N,N,N,,,,,,
e_4f12dcd0566a5a41,816,816,Name,e_4f12dcd0566a5a41,N,N,N,N,N,,,,,,
e_4f82cd8a48890a9b,1251,1251,Name,e_4f82cd8a48890a9b,N,N,N,N,N,,,,,,
e_5042a436de7211b5,1707,1707,Name,e_5042a436de7211b5,N,N,N,N,N,,,,,,
e_517d0b5c8ef62445,1609,1609,Name,e_517d0b5c8ef62445,N,N,N,N,N,,,,,,
e_51c44ff0aa4f2e7a,1065,1065,Name,e_51c44ff0aa4f2e7a,N,N,N,N,N,,,,,,
e_52228c763e2fe492,1631,1631,Name,e_52228c763e2fe492,N,N,N,N,N,,,,,,
e_526b384d5755dc9f,925,925,Name,e_526b384d5755dc9f,N,N,N,N,N,,,,,,
e_52a9826d9e6d7d5e,1791,1791,Name,e_52a9826d9e6d7d5e,N,N,N,N,N,,,,,,
e_52f05ec327dc4b1d,1651,1651,Name,e_52f05ec327dc4b1d,N,N,N,N,N,,,,,,
e_54758591f98a56b9,1743,1743,Name,e_54758591f98a56b9,N,N,N,N,N,,,,,,
e_54838fb6887702be,832,832,Name,e_54838fb6887702be,N,N,N,N,N,,,,,,
e_54bd78ddfb4baad5,1665,1665,Name,e_54bd78ddfb4baad5,N,N,N,N,N,,,,,,
e_54fca4bebff546c2,1011,1011,Name,e_54fca4bebff546c2,N,N,N,N,N,,,,,,
e_55605acedb5eecee,2056,2056,Name,e_55605acedb5eecee,N,N,N,N,N,,,,,,
e_556fe1bae1571bb2,947,947,Name,e_556fe1bae1571bb2,N,N,N,N,N,,,,,,
e_5590937bec69e1a9,814,814,Name,e_5590937bec69e1a9,N,N,N,N,N,,,,,,
e_5640db0371b7c2af,756,756,Name,e_5640db0371b7c2af,N,N,N,N,N,,,,,,
e_575a62b169b9241b,2383,2383,Name,e_575a62b169b9241b,N,N,N,N,N,,,,,,
e_57f26bb832c1f4f8,1261,1261,Name,e_57f26bb832c1f4f8,N,N,N,N,N,,,,,,
e_5818d1a4752bf6a4,1695,1695,Name,e_5818d1a4752bf6a4,N,N,N,N,N,,,,,,
e_592d40f0192a08f7,1014,1014,Name,e_592d40f0192a08f7,N,N,N,N,N,,,,,,
e_59be394faeb418ab,1650,1650,Name,e_59be394faeb418ab,N,N,N,N,N,,,,,,
e_59c75bac4185c2c8,946,946,Name,e_59c75bac4185c2c8,N,N,N,N,N,,,,,,
e_59d45edc2c747412,792,792,Name,e_59d45edc2c747412,N,N,N,N,N,,,,,,
e_5a4a1effd114f217,1171,1171,Name,e_5a4a1effd114f217,N,N,N,N,N,,,,,,
e_5a6c775dcdba0312,1674,1674,Name,e_5a6c775dcdba0312,N,N,N,N,N,,,,,,
e_5afec3beefa61857,935,935,Name,e_5afec3beefa61857,N,N,N,N,N,,,,,,
e_5b14d2c377649437,976,976,Name,e_5b14d2c377649437,N,N,N,N,N,,,,,,
e_5b6e6c9e9608259a,808,808,Name,e_5b6e6c9e9608259a,N,N,N,N,N,,,,,,
e_5bf1946e36521a90,1802,1802,Name,e_5bf1946e36521a90,N,N,N,N,N,,,,,,
e_5c8f0b7fa20a8e67,1801,1801,Name,e_5c8f0b7fa20a8e67,N,N,N,N,N,,,,,,
e_5d1fec5f929550d3,902,902,Name,e_5d1fec5f929550d3,N,N,N,N,N,,,,,,
e_5e90a5103dc3b6d0,1209,1209,Name,e_5e90a5103dc3b6d0,N,N,N,N,N,,,,,,
e_5ec68e6e78ea2e0b,1728,1728,Name,e_5ec68e6e78ea2e0b,N,N,N,N,N,,,,,,
e_5eec873ee28c68af,950,950,Name,e_5eec873ee28c68af,N,N,N,N,N,,,,,,
e_5f55274f056abdd8,1185,1185,Name,e_5f55274f056abdd8,N,N,N,N,N,,,,,,
e_5facc43d9c9e2882,1694,1694,Name,e_5facc43d9c9e2882,N,N,N,N,N,,,,,,
e_601d14642492c96e,1666,1666,Name,e_601d14642492c96e,N,N,N,N,N,,,,,,
e_606ce69e9f74bad5,1734,1734,Name,e_606ce69e9f74bad5,N,N,N,N,N,,,,,,
e_60ad9d550bb23145,1588,1588,Name,e_60ad9d550bb23145,N,N,N,N,N,,,,,,
e_60b454d8d98f11e2,1094,1094,Name,e_60b454d8d98f11e2,N,N,N,N,N,,,,,,
e_61329ff701a5d739,2372,2372,Name,e_61329ff701a5d739,N,N,N,N,N,,,,,,
e_616936f02544f187,1756,1756,Name,e_616936f02544f187,N,N,N,N,N,,,,,,
e_618926b59fdc68a3,1218,1218,Name,e_618926b59fdc68a3,N,N,N,N,N,,,,,,
e_6254c6f37367a0c7,1796,1796,Name,e_6254c6f37367a0c7,N,N,N,N,N,,,,,,
e_627e4d7c7fb00d0f,1630,1630,Name,e_627e4d7c7fb00d0f,N,N,N,N,N,,,,,,
e_631572999cb49ce4,1669,1669,Name,e_631572999cb49ce4,N,N,N,N,N,,,,,,
e_6355190c52349a62,789,789,Name,e_6355190c52349a62,N,N,N,N,N,,,,,,
e_636ba01eab561071,1055,1055,Name,e_636ba01eab561071,N,N,N,N,N,,,,,,
e_637715e7b1f9519e,2403,2403,Name,e_637715e7b1f9519e,N,N,N,N,N,,,,,,
e_63e98239f0b2dcbd,1043,1043,Name,e_63e98239f0b2dcbd,N,N,N,N,N,,,,,,
e_6424b6046973b653,1677,1677,Name,e_6424b6046973b653,N,N,N,N,N,,,,,,
e_648fff6a47ecc535,2382,2382,Name,e_648fff6a47ecc535,N,N,N,N,N,,,,,,
e_64a3e92676ff1ea5,874,874,Name,e_64a3e92676ff1ea5,N,N,N,N,N,,,,,,
e_65958ecc1708cc3f,864,864,Name,e_65958ecc1708cc3f,N,N,N,N,N,,,,,,
e_663077c5804acca6,1646,1646,Name,e_663077c5804acca6,N,N,N,N,N,,,,,,
e_66a59b058bcbc16f,943,943,Name,e_66a59b058bcbc16f,N,N,N,N,N,,,,,,
e_66f64122dc188e19,745,745,Name,e_66f64122dc188e19,N,N,N,N,N,,,,,,
e_673ec79279ff2a83,802,802,Name,e_673ec79279ff2a83,N,N,N,N,N,,,,,,
e_673ec8857cec03ff,815,815,Name,e_673ec8857cec03ff,N,N,N,N,N,,,,,,
e_67a18cba4fa241ae,1239,1239,Name,e_67a18cba4fa241ae,N,N,N,N,N,,,,,,
e_67b94daa38abec0d,965,965,Name,e_67b94daa38abec0d,N,N,N,N,N,,,,,,
e_67c659a6771bfdcb,1811,1811,Name,e_67c659a6771bfdcb,N,N,N,N,N,,,,,,
e_681a4bf5d30120ae,1709,1709,Name,e_681a4bf5d30120ae,N,N,N,N,N,,,,,,
e_68646807b5ca8fea,1798,1798,Name,e_68646807b5ca8fea,N,N,N,N,N,,,,,,
e_68873c419e70b48a,730,730,Name,e_68873c419e70b48a,N,N,N,N,N,,,,,,
e_68af70445809e23e,910,910,Name,e_68af70445809e23e,N,N,N,N,N,,,,,,
e_68f84af4a03902c5,2360,2360,Name,e_68f84af4a03902c5,N,N,N,N,N,,,,,,
e_69c9c35d3a7c39f5,1129,1129,Name,e_69c9c35d3a7c39f5,N,N,N,N,N,,,,,,
e_6a9316e65ef6326b,805,805,Name,e_6a9316e65ef6326b,N,N,N,N,N,,,,,,
e_6a9853c15d586640,1783,1783,Name,e_6a9853c15d586640,N,N,N,N,N,,,,,,
e_6aace79de2bc3d0c,1750,1750,Name,e_6aace79de2bc3d0c,N,N,N,N,N,,,,,,
e_6b658fcb40ac2b3d,1179,1179,Name,e_6b658fcb40ac2b3d,N,N,N,N,N,,,,,,
e_6b73dfd4606fe423,1667,1667,Name,e_6b73dfd4606fe423,N,N,N,N,N,,,,,,
e_6c21716e9f66b408,1092,1092,Name,e_6c21716e9f66b408,N,N,N,N,N,,,,,,
e_6c6e663bc47c4bd5,1715,1715,Name,e_6c6e663bc47c4bd5,N,N,N,N,N,,,,,,
e_6ee53dd14001e6bf,769,769,Name,e_6ee53dd14001e6bf,N,N,N,N,N,,,,,,
e_6f8d9d8bde042b38,1699,1699,Name,e_6f8d9d8bde042b38,N,N,N,N,N,,,,,,
e_6faf664dbf32357a,1232,1232,Name,e_6faf664dbf32357a,N,N,N,N,N,,,,,,
e_70bf1c558c0f41ab,1710,1710,Name,e_70bf1c558c0f41ab,N,N,N,N,N,,,,,,
e_7182822aab894b7d,1085,1085,Name,e_7182822aab894b7d,N,N,N,N,N,,,,,,
e_71e97b4f4bb1d7b4,884,884,Name,e_71e97b4f4bb1d7b4,N,N,N,N,N,,,,,,
e_7226aa100cf8348f,757,757,Name,e_7226aa100cf8348f,N,N,N,N,N,,,,,,
e_7230a69f6617e036,1800,1800,Name,e_7230a69f6617e036,N,N,N,N,N,,,,,,
e_7276a2a0e98c187a,1590,1590,Name,e_7276a2a0e98c187a,N,N,N,N,N,,,,,,
e_72ca73fd48505621,2402,2402,Name,e_72ca73fd48505621,N,N,N,N,N,,,,,,
e_72e95e8e92cb11c2,940,940,Name,e_72e95e8e92cb11c2,N,N,N,N,N,,,,,,
e_73028830d2f3de50,1797,1797,Name,e_73028830d2f3de50,N,N,N,N,N,,,,,,
e_7310d9f893162281,852,852,Name,e_7310d9f893162281,N,N,N,N,N,,,,,,
e_73f5a1a8863eb04c,1095,1095,Name,e_73f5a1a8863eb04c,N,N,N,N,N,,,,,,
e_756513030c40e547,986,986,Name,e_756513030c40e547,N,N,N,N,N,,,,,,
e_75b9bed7da33ae1c,944,944,Name,e_75b9bed7da33ae1c,N,N,N,N,N,,,,,,
e_75d637c3044533ef,998,998,Name,e_75d637c3044533ef,N,N,N,N,N,,,,,,
e_75fe25cc626292ac,1620,1620,Name,e_75fe25cc626292ac,N,N,N,N,N,,,,,,
e_76ec4ff8b6c7a674,779,779,Name,e_76ec4ff8b6c7a674,N,N,N,N,N,,,,,,
e_797038c952868ada,763,763,Name,e_797038c952868ada,N,N,N,N,N,,,,,,
e_797ba98b97037bbf,2118,2118,Name,e_797ba98b97037bbf,N,N,N,N,N,,,,,,
e_79b51ca18c9a757e,1600,1600,Name,e_79b51ca18c9a757e,N,N,N,N,N,,,,,,
e_79d593bfbc5a96ca,1004,1004,Name,e_79d593bfbc5a96ca,N,N,N,N,N,,,,,,
e_7a0aeeba80cf1232,770,770,Name,e_7a0aeeba80cf1232,N,N,N,N,N,,,,,,
e_7ab6bb24ee4e4532,2357,2357,Name,e_7ab6bb24ee4e4532,N,N,N,N,N,,,,,,
e_7b1661342eeee99a,850,850,Name,e_7b1661342eeee99a,N,N,N,N,N,,,,,,
e_7b2b22e89ead98a6,1252,1252,Name,e_7b2b22e89ead98a6,N,N,N,N,N,,,,,,
e_7bf18716619941a2,904,904,Name,e_7bf18716619941a2,N,N,N,N,N,,,,,,
e_7c24e2ac2cbe3b9f,1809,1809,Name,e_7c24e2ac2cbe3b9f,N,N,N,N,N,,,,,,
e_7c597cd34a110fc3,906,906,Name,e_7c597cd34a110fc3,N,N,N,N,N,,,,,,
e_7ca7b16f41d7f61f,1772,1772,Name,e_7ca7b16f41d7f61f,N,N,N,N,N,,,,,,
e_7cf9a81a15611a13,2390,2390,Name,e_7cf9a81a15611a13,N,N,N,N,N,,,,,,
e_7d523cc17be7a8f0,1076,1076,Name,e_7d523cc17be7a8f0,N,N,N,N,N,,,,,,
e_7d6b56ab8bb46c27,1755,1755,Name,e_7d6b56ab8bb46c27,N,N,N,N,N,,,,,,
e_7dab4203f12c0c55,1220,1220,Name,e_7dab4203f12c0c55,N,N,N,N,N,,,,,,
e_7e0c9864b86f72fb,1724,1724,Name,e_7e0c9864b86f72fb,N,N,N,N,N,,,,,,
e_7e85199cd4b21ff0,851,851,Name,e_7e85199cd4b21ff0,N,N,N,N,N,,,,,,
e_7e8884a78fa9e502,1060,1060,Name,e_7e8884a78fa9e502,N,N,N,N,N,,,,,,
e_7edd7a11028ec415,1732,1732,Name,e_7edd7a11028ec415,N,N,N,N,N,,,,,,
e_7f4b80dd25b4f4f0,1045,1045,Name,e_7f4b80dd25b4f4f0,N,N,N,N,N,,,,,,
e_7fe0281ad0388c56,1066,1066,Name,e_7fe0281ad0388c56,N,N,N,N,N,,,,,,
e_7ff822a96a0c14fa,1648,1648,Name,e_7ff822a96a0c14fa,N,N,N,N,N,,,,,,
e_8147c366d39ae5f6,1119,1119,Name,e_8147c366d39ae5f6,N,N,N,N,N,,,,,,
e_8148f0e97bad0134,1195,1195,Name,e_8148f0e97bad0134,N,N,N,N,N,,,,,,
e_81736479a24f6b55,1118,1118,Name,e_81736479a24f6b55,N,N,N,N,N,,,,,,
e_818ec3d46a8a45ca,862,862,Name,e_818ec3d46a8a45ca,N,N,N,N,N,,,,,,
e_831121f78d99d1b2,1736,1736,Name,e_831121f78d99d1b2,N,N,N,N,N,,,,,,
e_831df5609edf2057,1249,1249,Name,e_831df5609edf2057,N,N,N,N,N,,,,,,
e_837cfcdd09a0e6c1,1771,1771,Name,e_837cfcdd09a0e6c1,N,N,N,N,N,,,,,,
e_842e1625ceb1b717,1826,1826,Name,e_842e1625ceb1b717,N,N,N,N,N,,,,,,
e_844bcde22729eaef,1690,1690,Name,e_844bcde22729eaef,N,N,N,N,N,,,,,,
e_84647ae889fea1f5,2062,2062,Name,e_84647ae889fea1f5,N,N,N,N,N,,,,,,
e_84e485acb81062fd,838,838,Name,e_84e485acb81062fd,N,N,N,N,N,,,,,,
e_84f701017a7b22b7,1210,1210,Name,e_84f701017a7b22b7,N,N,N,N,N,,,,,,
e_850a9fa7ebe77010,2389,2389,Name,e_850a9fa7ebe77010,N,N,N,N,N,,,,,,
e_8590945486c662ba,1763,1763,Name,e_8590945486c662ba,N,N,N,N,N,,,,,,
e_871edb620d989011,1253,1253,Name,e_871edb620d989011,N,N,N,N,N,,,,,,
e_877f507228a9dcd5,1594,1594,Name,e_877f507228a9dcd5,N,N,N,N,N,,,,,,
e_879a54c5a4d5d263,842,842,Name,e_879a54c5a4d5d263,N,N,N,N,N,,,,,,
e_879f158e6c8d8a7b,1713,1713,Name,e_879f158e6c8d8a7b,N,N,N,N,N,,,,,,
e_87fc5a54d0c7d1eb,1698,1698,Name,e_87fc5a54d0c7d1eb,N,N,N,N,N,,,,,,
e_883be9c07435b822,785,785,Name,e_883be9c07435b822,N,N,N,N,N,,,,,,
e_88aac923828fafcf,764,764,Name,e_88aac923828fafcf,N,N,N,N,N,,,,,,
e_892776babb618cd9,2380,2380,Name,e_892776babb618cd9,N,N,N,N,N,,,,,,
e_8928168b8a92e29d,811,811,Name,e_8928168b8a92e29d,N,N,N,N,N,,,,,,
e_8950fbec18497e77,1049,1049,Name,e_8950fbec18497e77,N,N,N,N,N,,,,,,
e_898a3a9d2a605ec1,2392,2392,Name,e_898a3a9d2a605ec1,N,N,N,N,N,,,,,,
e_8a00729c37953e31,1803,1803,Name,e_8a00729c37953e31,N,N,N,N,N,,,,,,
e_8a8e1ca82ef35780,1047,1047,Name,e_8a8e1ca82ef35780,N,N,N,N,N,,,,,,
e_8ab479b275a2ca1c,1204,1204,Name,e_8ab479b275a2ca1c,N,N,N,N,N,,,,,,
e_8bac1b2a69a978c7,2368,2368,Name,e_8bac1b2a69a978c7,N,N,N,N,N,,,,,,
e_8c471e94982efe75,784,784,Name,e_8c471e94982efe75,N,N,N,N,N,,,,,,
e_8c7b8d1fc4a7a2bc,860,860,Name,e_8c7b8d1fc4a7a2bc,N,N,N,N,N,,,,,,
e_8d19b0ea82d26d52,1807,1807,Name,e_8d19b0ea82d26d52,N,N,N,N,N,,,,,,
e_8d4beaafb2747fc7,2395,2395,Name,e_8d4beaafb2747fc7,N,N,N,N,N,,,,,,
e_8dcb78fc48557c2e,958,958,Name,e_8dcb78fc48557c2e,N,N,N,N,N,,,,,,
e_8e0039e0147a25aa,1668,1668,Name,e_8e0039e0147a25aa,N,N,N,N,N,,,,,,
e_8ebe218a41845418,917,917,Name,e_8ebe218a41845418,N,N,N,N,N,,,,,,
e_8ef31583644eb988,1686,1686,Name,e_8ef31583644eb988,N,N,N,N,N,,,,,,
e_9017c3b3ae217d84,919,919,Name,e_9017c3b3ae217d84,N,N,N,N,N,,,,,,
e_9047d3ba83c182a3,970,970,Name,e_9047d3ba83c182a3,N,N,N,N,N,,,,,,
e_9091775ef86523ee,1780,1780,Name,e_9091775ef86523ee,N,N,N,N,N,,,,,,
e_91434ebc05c7a18d,897,897,Name,e_91434ebc05c7a18d,N,N,N,N,N,,,,,,
e_9143b56b23df2c85,1649,1649,Name,e_9143b56b23df2c85,N,N,N,N,N,,,,,,
e_91aaaa34a249654e,1599,1599,Name,e_91aaaa34a249654e,N,N,N,N,N,,,,,,
e_91ed5ab2b8110308,1693,1693,Name,e_91ed5ab2b8110308,N,N,N,N,N,,,,,,
e_92b9e5b98c706f4e,1738,1738,Name,e_92b9e5b98c706f4e,N,N,N,N,N,,,,,,
e_92f1df7db234b91b,894,894,Name,e_92f1df7db234b91b,N,N,N,N,N,,,,,,
e_930ccc0989c40240,722,722,Name,e_930ccc0989c40240,N,N,N,N,N,,,,,,
e_934473f59ab82a11,2365,2365,Name,e_934473f59ab82a11,N,N,N,N,N,,,,,,
e_935510897be48247,937,937,Name,e_935510897be48247,N,N,N,N,N,,,,,,
e_94c832f4c72c76a7,2358,2358,Name,e_94c832f4c72c76a7,N,N,N,N,N,,,,,,
e_94cdbed41acf671a,1760,1760,Name,e_94cdbed41acf671a,N,N,N,N,N,,,,,,
e_94ffa287da8bad61,1641,1641,Name,e_94ffa287da8bad61,N,N,N,N,N,,,,,,
e_95172bb7d3f7d42d,1107,1107,Name,e_95172bb7d3f7d42d,N,N,N,N,N,,,,,,
e_9599a70f6e1e9994,738,738,Name,e_9599a70f6e1e9994,N,N,N,N,N,,,,,,
e_95c2dfd0c1088b25,1116,1116,Name,e_95c2dfd0c1088b25,N,N,N,N,N,,,,,,
e_960eb8ef12c914b9,1009,1009,Name,e_960eb8ef12c914b9,N,N,N,N,N,,,,,,
e_9650ba843de9d724,1015,1015,Name,e_9650ba843de9d724,N,N,N,N,N,,,,,,
e_96878817eb40ab83,915,915,Name,e_96878817eb40ab83,N,N,N,N,N,,,,,,
e_96b538ffad0734f9,1812,1812,Name,e_96b538ffad0734f9,N,N,N,N,N,,,,,,
e_96baf18032bba51e,1128,1128,Name,e_96baf18032bba51e,N,N,N,N,N,,,,,,
e_96eb1c20106851cd,857,857,Name,e_96eb1c20106851cd,N,N,N,N,N,,,,,,
e_97034057826db2db,781,781,Name,e_97034057826db2db,N,N,N,N,N,,,,,,
e_9813d99bbe74491c,888,888,Name,e_9813d99bbe74491c,N,N,N,N,N,,,,,,
e_98e1ccad673a4b95,912,912,Name,e_98e1ccad673a4b95,N,N,N,N,N,,,,,,
e_9a864710e580e37f,1671,1671,Name,e_9a864710e580e37f,N,N,N,N,N,,,,,,
e_9ae69c68aae97366,2424,2424,Name,e_9ae69c68aae97366,N,N,N,N,N,,,,,,
e_9aee80e3acb94e41,1682,1682,Name,e_9aee80e3acb94e41,N,N,N,N,N,,,,,,
e_9b65d16fc804b709,1635,1635,Name,e_9b65d16fc804b709,N,N,N,N,N,,,,,,
e_9b815ecceed9e5d5,727,727,Name,e_9b815ecceed9e5d5,N,N,N,N,N,,,,,,
e_9b9af94747e0232a,1727,1727,Name,e_9b9af94747e0232a,N,N,N,N,N,,,,,,
e_9ba01f1ed27e6a0c,1000,1000,Name,e_9ba01f1ed27e6a0c,N,N,N,N,N,,,,,,
e_9ba9913469b3e012,1639,1639,Name,e_9ba9913469b3e012,N,N,N,N,N,,,,,,
e_9c671374d2a9b1c0,1778,1778,Name,e_9c671374d2a9b1c0,N,N,N,N,N,,,,,,
e_9e931218ec2f41f0,1101,1101,Name,e_9e931218ec2f41f0,N,N,N,N,N,,,,,,
e_a0da1d4317f93158,793,793,Name,e_a0da1d4317f93158,N,N,N,N,N,,,,,,
e_a18823580a1ecc10,1125,1125,Name,e_a18823580a1ecc10,N,N,N,N,N,,,,,,
e_a2a0ca1b98705381,765,765,Name,e_a2a0ca1b98705381,N,N,N,N,N,,,,,,
e_a30984cf821dd018,723,723,Name,e_a30984cf821dd018,N,N,N,N,N,,,,,,
e_a34c03f665c4e569,1623,1623,Name,e_a34c03f665c4e569,N,N,N,N,N,,,,,,
e_a3c0bce0f6fd0ea1,1050,1050,Name,e_a3c0bce0f6fd0ea1,N,N,N,N,N,,,,,,
e_a3d7773f6fa2b654,867,867,Name,e_a3d7773f6fa2b654,N,N,N,N,N,,,,,,
e_a485caf862460e1a,1130,1130,Name,e_a485caf862460e1a,N,N,N,N,N,,,,,,
e_a5481812e0007f3a,1774,1774,Name,e_a5481812e0007f3a,N,N,N,N,N,,,,,,
e_a5f54f9e9ae3ab30,995,995,Name,e_a5f54f9e9ae3ab30,N,N,N,N,N,,,,,,
e_a6181f725d0c7299,2058,2058,Name,e_a6181f725d0c7299,N,N,N,N,N,,,,,,
e_a6bab570e1316e3b,1683,1683,Name,e_a6bab570e1316e3b,N,N,N,N,N,,,,,,
e_a6e587e6acb88ea0,948,948,Name,e_a6e587e6acb88ea0,N,N,N,N,N,,,,,,
e_a6e674327ce6bfb3,1637,1637,Name,e_a6e674327ce6bfb3,N,N,N,N,N,,,,,,
e_a75865af27f28859,1776,1776,Name,e_a75865af27f28859,N,N,N,N,N,,,,,,
e_a783c8cce21991e0,2371,2371,Name,e_a783c8cce21991e0,N,N,N,N,N,,,,,,
e_a787a237d5f89408,810,810,Name,e_a787a237d5f89408,N,N,N,N,N,,,,,,
e_a787e1f81b350698,1088,1088,Name,e_a787e1f81b350698,N,N,N,N,N,,,,,,
e_a79ea36e0a36b570,2391,2391,Name,e_a79ea36e0a36b570,N,N,N,N,N,,,,,,
e_a7f36993d8815cd9,1074,1074,Name,e_a7f36993d8815cd9,N,N,N,N,N,,,,,,
e_a84bdb19beefb215,1714,1714,Name,e_a84bdb19beefb215,N,N,N,N,N,,,,,,
e_a879c981c4c87e7e,1767,1767,Name,e_a879c981c4c87e7e,N,N,N,N,N,,,,,,
e_a88b8104f8b34fd0,719,719,Name,e_a88b8104f8b34fd0,N,N,N,N,N,,,,,,
e_a89f3ac59559f706,822,822,Name,e_a89f3ac59559f706,N,N,N,N,N,,,,,,
e_a9482c2575661ba9,1818,1818,Name,e_a9482c2575661ba9,N,N,N,N,N,,,,,,
e_a96e95bee123c228,1810,1810,Name,e_a96e95bee123c228,N,N,N,N,N,,,,,,
e_a9715cd927b92d73,1746,1746,Name,e_a9715cd927b92d73,N,N,N,N,N,,,,,,
e_a9a8daa569ad73d4,1748,1748,Name,e_a9a8daa569ad73d4,N,N,N,N,N,,,,,,
e_aa787866968ef76a,1262,1262,Name,e_aa787866968ef76a,N,N,N,N,N,,,,,,
e_aaf43ce0bec91039,1764,1764,Name,e_aaf43ce0bec91039,N,N,N,N,N,,,,,,
e_ac64097f31363803,865,865,Name,e_ac64097f31363803,N,N,N,N,N,,,,,,
e_ade04c04a0dc6c64,890,890,Name,e_ade04c04a0dc6c64,N,N,N,N,N,,,,,,
e_ae07b5ded679a9b1,2376,2376,Name,e_ae07b5ded679a9b1,N,N,N,N,N,,,,,,
e_ae167a9fee8ef22c,2400,2400,Name,e_ae167a9fee8ef22c,N,N,N,N,N,,,,,,
e_af53f16735e0a552,1777,1777,Name,e_af53f16735e0a552,N,N,N,N,N,,,,,,
e_af682ba10a8cebcf,1091,1091,Name,e_af682ba10a8cebcf,N,N,N,N,N,,,,,,
e_af8e22796c0284b0,1663,1663,Name,e_af8e22796c0284b0,N,N,N,N,N,,,,,,
e_b01102e7b2e9ae01,1762,1762,Name,e_b01102e7b2e9ae01,N,N,N,N,N,,,,,,
e_b05da8e98d146b61,1779,1779,Name,e_b05da8e98d146b61,N,N,N,N,N,,,,,,
e_b0de3438bebf6fb4,1628,1628,Name,e_b0de3438bebf6fb4,N,N,N,N,N,,,,,,
e_b1b96ddcfbc24ab5,2091,2091,Name,e_b1b96ddcfbc24ab5,N,N,N,N,N,,,,,,
e_b1e31a4105b8291a,1002,1002,Name,e_b1e31a4105b8291a,N,N,N,N,N,,,,,,
e_b1e4fd2169c4c4c4,914,914,Name,e_b1e4fd2169c4c4c4,N,N,N,N,N,,,,,,
e_b28b840096743fb1,2362,2362,Name,e_b28b840096743fb1,N,N,N,N,N,,,,,,
e_b2945a520d366196,1655,1655,Name,e_b2945a520d366196,N,N,N,N,N,,,,,,
e_b2991f2e05e26c33,762,762,Name,e_b2991f2e05e26c33,N,N,N,N,N,,,,,,
e_b32f048ecdf9cde3,898,898,Name,e_b32f048ecdf9cde3,N,N,N,N,N,,,,,,
e_b37c58b485a663ee,1692,1692,Name,e_b37c58b485a663ee,N,N,N,N,N,,,,,,
e_b38f7980608d5bda,953,953,Name,e_b38f7980608d5bda,N,N,N,N,N,,,,,,
e_b45e639c4442c16d,1120,1120,Name,e_b45e639c4442c16d,N,N,N,N,N,,,,,,
e_b4c488de5a570247,2377,2377,Name,e_b4c488de5a570247,N,N,N,N,N,,,,,,
e_b5e3dfa83238e015,2423,2423,Name,e_b5e3dfa83238e015,N,N,N,N,N,,,,,,
e_b60353417bb4dd3c,1124,1124,Name,e_b60353417bb4dd3c,N,N,N,N,N,,,,,,
e_b62c98b0051e885b,847,847,Name,e_b62c98b0051e885b,N,N,N,N,N,,,,,,
e_b63e8eb8da17ff08,1048,1048,Name,e_b63e8eb8da17ff08,N,N,N,N,N,,,,,,
e_b6cfbf57bc34c6b4,1188,1188,Name,e_b6cfbf57bc34c6b4,N,N,N,N,N,,,,,,
e_b742cc106236d5e2,740,740,Name,e_b742cc106236d5e2,N,N,N,N,N,,,,,,
e_b74b72701a4b3cd1,1681,1681,Name,e_b74b72701a4b3cd1,N,N,N,N,N,,,,,,
e_b76b056d8eed358a,854,854,Name,e_b76b056d8eed358a,N,N,N,N,N,,,,,,
e_b80da5279de28874,1701,1701,Name,e_b80da5279de28874,N,N,N,N,N,,,,,,
e_b87370efa6d5ea85,2425,2425,Name,e_b87370efa6d5ea85,N,N,N,N,N,,,,,,
e_b8f52bd827fd35bb,1790,1790,Name,e_b8f52bd827fd35bb,N,N,N,N,N,,,,,,
e_b9603ae63c7b80a6,812,812,Name,e_b9603ae63c7b80a6,N,N,N,N,N,,,,,,
e_ba12d6b161c00f84,1230,1230,Name,e_ba12d6b161c00f84,N,N,N,N,N,,,,,,
e_ba66dccd13107d3f,945,945,Name,e_ba66dccd13107d3f,N,N,N,N,N,,,,,,
e_ba69922db304eda2,994,994,Name,e_ba69922db304eda2,N,N,N,N,N,,,,,,
e_bab76817c9be216b,2364,2364,Name,e_bab76817c9be216b,N,N,N,N,N,,,,,,
e_bb11da810138e736,1782,1782,Name,e_bb11da810138e736,N,N,N,N,N,,,,,,
e_bc44a7631c96f2b4,2110,2110,Name,e_bc44a7631c96f2b4,N,N,N,N,N,,,,,,
e_bc9c5c32a9777772,973,973,Name,e_bc9c5c32a9777772,N,N,N,N,N,,,,,,
e_bca01cb964104299,916,916,Name,e_bca01cb964104299,N,N,N,N,N,,,,,,
e_bcd2b581444d2e86,750,750,Name,e_bcd2b581444d2e86,N,N,N,N,N,,,,,,
e_bd7a918a7f582359,848,848,Name,e_bd7a918a7f582359,N,N,N,N,N,,,,,,
e_bd890ee88433d54f,999,999,Name,e_bd890ee88433d54f,N,N,N,N,N,,,,,,
e_beac630a960895b8,1625,1625,Name,e_beac630a960895b8,N,N,N,N,N,,,,,,
e_bec6b6d6df776286,956,956,Name,e_bec6b6d6df776286,N,N,N,N,N,,,,,,
e_beffc33aa3c87092,879,879,Name,e_beffc33aa3c87092,N,N,N,N,N,,,,,,
e_c00e2639345ae7d5,907,907,Name,e_c00e2639345ae7d5,N,N,N,N,N,,,,,,
e_c077eb8bbf66ab10,1268,1268,Name,e_c077eb8bbf66ab10,N,N,N,N,N,,,,,,
e_c09f17d8dae4fa39,1719,1719,Name,e_c09f17d8dae4fa39,N,N,N,N,N,,,,,,
e_c0b400f07fd04d86,861,861,Name,e_c0b400f07fd04d86,N,N,N,N,N,,,,,,
e_c0cf24896f69ff10,1198,1198,Name,e_c0cf24896f69ff10,N,N,N,N,N,,,,,,
e_c1065c5d159dfbd6,960,960,Name,e_c1065c5d159dfbd6,N,N,N,N,N,,,,,,
e_c1990a73154beabe,772,772,Name,e_c1990a73154beabe,N,N,N,N,N,,,,,,
e_c2d32c53ef59530d,2114,2114,Name,e_c2d32c53ef59530d,N,N,N,N,N,,,,,,
e_c2d8ecda8c904647,961,961,Name,e_c2d8ecda8c904647,N,N,N,N,N,,,,,,
e_c2f2ba9a2ed655c4,1647,1647,Name,e_c2f2ba9a2ed655c4,N,N,N,N,N,,,,,,
e_c32385ddea7666fa,972,972,Name,e_c32385ddea7666fa,N,N,N,N,N,,,,,,
e_c36c1a7481485158,2367,2367,Name,e_c36c1a7481485158,N,N,N,N,N,,,,,,
e_c3f030d598f42876,760,760,Name,e_c3f030d598f42876,N,N,N,N,N,,,,,,
e_c4d1d703bf515998,1718,1718,Name,e_c4d1d703bf515998,N,N,N,N,N,,,,,,
e_c50e091bad2d5d73,827,827,Name,e_c50e091bad2d5d73,N,N,N,N,N,,,,,,
e_c51cf4bc0132f3f3,1176,1176,Name,e_c51cf4bc0132f3f3,N,N,N,N,N,,,,,,
e_c566e9179f90b943,2386,2386,Name,e_c566e9179f90b943,N,N,N,N,N,,,,,,
e_c5ba65744841cf02,1598,1598,Name,e_c5ba65744841cf02,N,N,N,N,N,,,,,,
e_c67b4dd010ff7785,1638,1638,Name,e_c67b4dd010ff7785,N,N,N,N,N,,,,,,
e_c70cf7b5f5cbc243,2385,2385,Name,e_c70cf7b5f5cbc243,N,N,N,N,N,,,,,,
e_c74f8e28eb9ae93d,1615,1615,Name,e_c74f8e28eb9ae93d,N,N,N,N,N,,,,,,
e_c78bbaac42715325,1821,1821,Name,e_c78bbaac42715325,N,N,N,N,N,,,,,,
e_c7f35c6892e07510,1792,1792,Name,e_c7f35c6892e07510,N,N,N,N,N,,,,,,
e_c7fc93358fce0dcd,1711,1711,Name,e_c7fc93358fce0dcd,N,N,N,N,N,,,,,,
e_c820184959609c58,2138,2138,Name,e_c820184959609c58,N,N,N,N,N,,,,,,
e_c83c3badbbe7a961,932,932,Name,e_c83c3badbbe7a961,N,N,N,N,N,,,,,,
e_c847f8f47bc891fa,777,777,Name,e_c847f8f47bc891fa,N,N,N,N,N,,,,,,
e_c861462b666a68c2,968,968,Name,e_c861462b666a68c2,N,N,N,N,N,,,,,,
e_c8687441281314ec,926,926,Name,e_c8687441281314ec,N,N,N,N,N,,,,,,
e_c8a7ddde1cee7a65,1075,1075,Name,e_c8a7ddde1cee7a65,N,N,N,N,N,,,,,,
e_c8b210d4c79ce1e9,1214,1214,Name,e_c8b210d4c79ce1e9,N,N,N,N,N,,,,,,
e_c99750fcafef0d8a,1017,1017,Name,e_c99750fcafef0d8a,N,N,N,N,N,,,,,,
e_c9aed3077233f833,1258,1258,Name,e_c9aed3077233f833,N,N,N,N,N,,,,,,
e_c9b6d3631bbaa6ad,962,962,Name,e_c9b6d3631bbaa6ad,N,N,N,N,N,,,,,,
e_ca5dc80f7e1c3c8f,1808,1808,Name,e_ca5dc80f7e1c3c8f,N,N,N,N,N,,,,,,
e_ca76c55312b1639d,2140,2140,Name,e_ca76c55312b1639d,N,N,N,N,N,,,,,,
e_ca8d879f3164ef03,2401,2401,Name,e_ca8d879f3164ef03,N,N,N,N,N,,,,,,
e_caa9844d90276686,1712,1712,Name,e_caa9844d90276686,N,N,N,N,N,,,,,,
e_caba278f1450edc1,2363,2363,Name,e_caba278f1450edc1,N,N,N,N,N,,,,,,
e_cb4936b333f6d8e8,746,746,Name,e_cb4936b333f6d8e8,N,N,N,N,N,,,,,,
e_cb7746057f4cc070,1266,1266,Name,e_cb7746057f4cc070,N,N,N,N,N,,,,,,
e_cbec6f0f90ef61c1,2396,2396,Name,e_cbec6f0f90ef61c1,N,N,N,N,N,,,,,,
e_cc2fc24f75a63d22,1073,1073,Name,e_cc2fc24f75a63d22,N,N,N,N,N,,,,,,
e_cc4cdb2e8b162c38,846,846,Name,e_cc4cdb2e8b162c38,N,N,N,N,N,,,,,,
e_ccd0458040d2eb41,949,949,Name,e_ccd0458040d2eb41,N,N,N,N,N,,,,,,
e_ccec47a0c9ec23e9,749,749,Name,e_ccec47a0c9ec23e9,N,N,N,N,N,,,,,,
e_cd65b94f5181dda5,1186,1186,Name,e_cd65b94f5181dda5,N,N,N,N,N,,,,,,
e_cdac4867235ef821,1192,1192,Name,e_cdac4867235ef821,N,N,N,N,N,,,,,,
e_ceece2e6f360e791,1700,1700,Name,e_ceece2e6f360e791,N,N,N,N,N,,,,,,
e_cf4f6d739bdc770a,1785,1785,Name,e_cf4f6d739bdc770a,N,N,N,N,N,,,,,,
e_cfa0ba461b7ad6c9,834,834,Name,e_cfa0ba461b7ad6c9,N,N,N,N,N,,,,,,
e_cfaa713d481fb9dc,866,866,Name,e_cfaa713d481fb9dc,N,N,N,N,N,,,,,,
e_d0191512e6a57d78,1751,1751,Name,e_d0191512e6a57d78,N,N,N,N,N,,,,,,
e_d09355e33f695bc7,930,930,Name,e_d09355e33f695bc7,N,N,N,N,N,,,,,,
e_d0a37281186a4df4,1642,1642,Name,e_d0a37281186a4df4,N,N,N,N,N,,,,,,
e_d0dccbef641c1a87,1659,1659,Name,e_d0dccbef641c1a87,N,N,N,N,N,,,,,,
e_d1251174f223526f,2375,2375,Name,e_d1251174f223526f,N,N,N,N,N,,,,,,
e_d12ab86f7bf4a25f,967,967,Name,e_d12ab86f7bf4a25f,N,N,N,N,N,,,,,,
e_d165f9a25c02e756,2374,2374,Name,e_d165f9a25c02e756,N,N,N,N,N,,,,,,
e_d1978ac7b37e91cc,1089,1089,Name,e_d1978ac7b37e91cc,N,N,N,N,N,,,,,,
e_d1aed7227fee8014,1717,1717,Name,e_d1aed7227fee8014,N,N,N,N,N,,,,,,
e_d279ef2c55bcc32f,828,828,Name,e_d279ef2c55bcc32f,N,N,N,N,N,,,,,,
e_d2a0b35643d24be0,991,991,Name,e_d2a0b35643d24be0,N,N,N,N,N,,,,,,
e_d2cea879ada4a3e5,905,905,Name,e_d2cea879ada4a3e5,N,N,N,N,N,,,,,,
e_d313fe92a38cf11d,1759,1759,Name,e_d313fe92a38cf11d,N,N,N,N,N,,,,,,
e_d3225bcd030ee023,2356,2356,Name,e_d3225bcd030ee023,N,N,N,N,N,,,,,,
e_d322c7c7a805074f,939,939,Name,e_d322c7c7a805074f,N,N,N,N,N,,,,,,
e_d3788e7481c965ae,833,833,Name,e_d3788e7481c965ae,N,N,N,N,N,,,,,,
e_d39ba4b1abdce9f7,1202,1202,Name,e_d39ba4b1abdce9f7,N,N,N,N,N,,,,,,
e_d40ab776e652a9af,1099,1099,Name,e_d40ab776e652a9af,N,N,N,N,N,,,,,,
e_d4bf8c365bc4d1d7,844,844,Name,e_d4bf8c365bc4d1d7,N,N,N,N,N,,,,,,
e_d4c5d7e03766cf72,963,963,Name,e_d4c5d7e03766cf72,N,N,N,N,N,,,,,,
e_d4f5a1b9b01fc46c,726,726,Name,e_d4f5a1b9b01fc46c,N,N,N,N,N,,,,,,
e_d54e931303172bf3,729,729,Name,e_d54e931303172bf3,N,N,N,N,N,,,,,,
e_d5eff70b0a34a7a7,913,913,Name,e_d5eff70b0a34a7a7,N,N,N,N,N,,,,,,
e_d6b8c4e68e6f869a,878,878,Name,e_d6b8c4e68e6f869a,N,N,N,N,N,,,,,,
e_d6eb52def6f83c98,1664,1664,Name,e_d6eb52def6f83c98,N,N,N,N,N,,,,,,
e_d71ab4fce584a453,1691,1691,Name,e_d71ab4fce584a453,N,N,N,N,N,,,,,,
e_d78b1982c57a4313,1589,1589,Name,e_d78b1982c57a4313,N,N,N,N,N,,,,,,
e_d868699408320287,1680,1680,Name,e_d868699408320287,N,N,N,N,N,,,,,,
e_d8781dceafd44ba1,1178,1178,Name,e_d8781dceafd44ba1,N,N,N,N,N,,,,,,
e_d8c32e420e017a5e,1640,1640,Name,e_d8c32e420e017a5e,N,N,N,N,N,,,,,,
e_d8cf389b9dc541b5,908,908,Name,e_d8cf389b9dc541b5,N,N,N,N,N,,,,,,
e_d9080cb382e356dc,992,992,Name,e_d9080cb382e356dc,N,N,N,N,N,,,,,,
e_d9f6024f05b4ab3e,743,743,Name,e_d9f6024f05b4ab3e,N,N,N,N,N,,,,,,
e_da4db02b5db6c505,1825,1825,Name,e_da4db02b5db6c505,N,N,N,N,N,,,,,,
e_db691d592c71434a,1191,1191,Name,e_db691d592c71434a,N,N,N,N,N,,,,,,
e_db919c02fde64b2f,1005,1005,Name,e_db919c02fde64b2f,N,N,N,N,N,,,,,,
e_dc5ced5b969dc104,1654,1654,Name,e_dc5ced5b969dc104,N,N,N,N,N,,,,,,
e_dc65cf299cad3134,2113,2113,Name,e_dc65cf299cad3134,N,N,N,N,N,,,,,,
e_dd2e4501dc1840cd,1634,1634,Name,e_dd2e4501dc1840cd,N,N,N,N,N,,,,,,
e_dd42e45a91e3be1e,771,771,Name,e_dd42e45a91e3be1e,N,N,N,N,N,,,,,,
e_de8f4e144e5e0986,900,900,Name,e_de8f4e144e5e0986,N,N,N,N,N,,,,,,
e_df0f3452e2bf2db7,1260,1260,Name,e_df0f3452e2bf2db7,N,N,N,N,N,,,,,,
e_dfb17a478d191202,1021,1021,Name,e_dfb17a478d191202,N,N,N,N,N,,,,,,
e_dfcdf702407b7e65,997,997,Name,e_dfcdf702407b7e65,N,N,N,N,N,,,,,,
e_e02015ed83c551db,2370,2370,Name,e_e02015ed83c551db,N,N,N,N,N,,,,,,
e_e06128fa71d49323,1689,1689,Name,e_e06128fa71d49323,N,N,N,N,N,,,,,,
e_e18a7c106b4b7988,1799,1799,Name,e_e18a7c106b4b7988,N,N,N,N,N,,,,,,
e_e1eeae314a57fd5e,853,853,Name,e_e1eeae314a57fd5e,N,N,N,N,N,,,,,,
e_e271d965c1cd5a52,1787,1787,Name,e_e271d965c1cd5a52,N,N,N,N,N,,,,,,
e_e29001854d17c46a,870,870,Name,e_e29001854d17c46a,N,N,N,N,N,,,,,,
e_e2b5b9c62adf5247,1033,1033,Name,e_e2b5b9c62adf5247,N,N,N,N,N,,,,,,
e_e2f020f1d761abfd,1603,1603,Name,e_e2f020f1d761abfd,N,N,N,N,N,,,,,,
e_e3c184d6e7900c8d,1820,1820,Name,e_e3c184d6e7900c8d,N,N,N,N,N,,,,,,
e_e41df51af4086df1,1684,1684,Name,e_e41df51af4086df1,N,N,N,N,N,,,,,,
e_e4922f9d1f5df1a2,1672,1672,Name,e_e4922f9d1f5df1a2,N,N,N,N,N,,,,,,
e_e4a63cfe52875591,1749,1749,Name,e_e4a63cfe52875591,N,N,N,N,N,,,,,,
e_e566af0e5cf35d7d,1670,1670,Name,e_e566af0e5cf35d7d,N,N,N,N,N,,,,,,
e_e57cfb2e77f5490d,1217,1217,Name,e_e57cfb2e77f5490d,N,N,N,N,N,,,,,,
e_e58b08a94d80c971,825,825,Name,e_e58b08a94d80c971,N,N,N,N,N,,,,,,
e_e6036d662a60f8b6,1675,1675,Name,e_e6036d662a60f8b6,N,N,N,N,N,,,,,,
e_e772af4b950d500a,1197,1197,Name,e_e772af4b950d500a,N,N,N,N,N,,,,,,
e_e801b550b737f5b6,1087,1087,Name,e_e801b550b737f5b6,N,N,N,N,N,,,,,,
e_e8f49cff28b97801,1706,1706,Name,e_e8f49cff28b97801,N,N,N,N,N,,,,,,
e_e92c57da5903ae12,1259,1259,Name,e_e92c57da5903ae12,N,N,N,N,N,,,,,,
e_e97e8a350389b744,2393,2393,Name,e_e97e8a350389b744,N,N,N,N,N,,,,,,
e_e9899e62e45cd46c,1629,1629,Name,e_e9899e62e45cd46c,N,N,N,N,N,,,,,,
e_e9c5a7e1a2f8227b,1788,1788,Name,e_e9c5a7e1a2f8227b,N,N,N,N,N,,,,,,
e_ea32cec18020fff3,1793,1793,Name,e_ea32cec18020fff3,N,N,N,N,N,,,,,,
e_ea4fc507bae090f9,1072,1072,Name,e_ea4fc507bae090f9,N,N,N,N,N,,,,,,
e_ea76afe26037ea01,1131,1131,Name,e_ea76afe26037ea01,N,N,N,N,N,,,,,,
e_eae7bdf7f75ca892,959,959,Name,e_eae7bdf7f75ca892,N,N,N,N,N,,,,,,
e_ebc693b61aa4dfa9,1824,1824,Name,e_ebc693b61aa4dfa9,N,N,N,N,N,,,,,,
e_ebf2c97743566a5f,877,877,Name,e_ebf2c97743566a5f,N,N,N,N,N,,,,,,
e_ec088553ab38d75a,1786,1786,Name,e_ec088553ab38d75a,N,N,N,N,N,,,,,,
e_ec0b456073bcfdb5,1676,1676,Name,e_ec0b456073bcfdb5,N,N,N,N,N,,,,,,
e_ec725dea5a2380bd,2117,2117,Name,e_ec725dea5a2380bd,N,N,N,N,N,,,,,,
e_ec8f222438783a2c,1046,1046,Name,e_ec8f222438783a2c,N,N,N,N,N,,,,,,
e_ecaf1ab208103c14,966,966,Name,e_ecaf1ab208103c14,N,N,N,N,N,,,,,,
e_ecb7204b0a838ffc,1008,1008,Name,e_ecb7204b0a838ffc,N,N,N,N,N,,,,,,
e_ed6ece97f148f308,924,924,Name,e_ed6ece97f148f308,N,N,N,N,N,,,,,,
e_ed77b642ef6b0532,1697,1697,Name,e_ed77b642ef6b0532,N,N,N,N,N,,,,,,
e_edb04c118052eadf,1745,1745,Name,e_edb04c118052eadf,N,N,N,N,N,,,,,,
e_ee34a60740432461,840,840,Name,e_ee34a60740432461,N,N,N,N,N,,,,,,
e_ee50629fed42a843,1795,1795,Name,e_ee50629fed42a843,N,N,N,N,N,,,,,,
e_eeb722ff359f0e0b,1775,1775,Name,e_eeb722ff359f0e0b,N,N,N,N,N,,,,,,
e_ef0c3ac676cdb3cd,2121,2121,Name,e_ef0c3ac676cdb3cd,N,N,N,N,N,,,,,,
e_ef1028d719c51906,975,975,Name,e_ef1028d719c51906,N,N,N,N,N,,,,,,
e_ef613e841dd645cb,863,863,Name,e_ef613e841dd645cb,N,N,N,N,N,,,,,,
e_ef640481d1b11be4,835,835,Name,e_ef640481d1b11be4,N,N,N,N,N,,,,,,
e_ef78f639eb071aef,1688,1688,Name,e_ef78f639eb071aef,N,N,N,N,N,,,,,,
e_ef7a62864f527099,942,942,Name,e_ef7a62864f527099,N,N,N,N,N,,,,,,
e_efe248be2778850e,1184,1184,Name,e_efe248be2778850e,N,N,N,N,N,,,,,,
e_f0bcc04e51e835be,1201,1201,Name,e_f0bcc04e51e835be,N,N,N,N,N,,,,,,
e_f10fd70f05d2260a,1660,1660,Name,e_f10fd70f05d2260a,N,N,N,N,N,,,,,,
e_f11551e3bbe987e0,2384,2384,Name,e_f11551e3bbe987e0,N,N,N,N,N,,,,,,
e_f1323eb8e9b00205,957,957,Name,e_f1323eb8e9b00205,N,N,N,N,N,,,,,,
e_f1f9c1c308469993,1100,1100,Name,e_f1f9c1c308469993,N,N,N,N,N,,,,,,
e_f28010601a8c56fb,741,741,Name,e_f28010601a8c56fb,N,N,N,N,N,,,,,,
e_f2ed3243f221dd8a,1789,1789,Name,e_f2ed3243f221dd8a,N,N,N,N,N,,,,,,
e_f2f02e895415c833,2115,2115,Name,e_f2f02e895415c833,N,N,N,N,N,,,,,,
e_f3333a9a76e9a393,990,990,Name,e_f3333a9a76e9a393,N,N,N,N,N,,,,,,
e_f3caa46500ada1ab,1132,1132,Name,e_f3caa46500ada1ab,N,N,N,N,N,,,,,,
e_f3ccc2abf2dfc2ab,1604,1604,Name,e_f3ccc2abf2dfc2ab,N,N,N,N,N,,,,,,
e_f402a6d3585e7c37,928,928,Name,e_f402a6d3585e7c37,N,N,N,N,N,,,,,,
e_f411f573ad98580c,1018,1018,Name,e_f411f573ad98580c,N,N,N,N,N,,,,,,
e_f490300f2142313e,1054,1054,Name,e_f490300f2142313e,N,N,N,N,N,,,,,,
e_f5a89b7a847128c2,2354,2354,Name,e_f5a89b7a847128c2,N,N,N,N,N,,,,,,
e_f5d938dd90a721dd,1657,1657,Name,e_f5d938dd90a721dd,N,N,N,N,N,,,,,,
e_f6081f3934770b74,1747,1747,Name,e_f6081f3934770b74,N,N,N,N,N,,,,,,
e_f63e8f7acf6c6499,886,886,Name,e_f63e8f7acf6c6499,N,N,N,N,N,,,,,,
e_f64e1187ac428621,1013,1013,Name,e_f64e1187ac428621,N,N,N,N,N,,,,,,
e_f6b71869e7f6d2f6,1754,1754,Name,e_f6b71869e7f6d2f6,N,N,N,N,N,,,,,,
e_f790c4f056a2d4d2,759,759,Name,e_f790c4f056a2d4d2,N,N,N,N,N,,,,,,
e_f9100be034f203ce,2112,2112,Name,e_f9100be034f203ce,N,N,N,N,N,,,,,,
e_f98b42fc11787594,1632,1632,Name,e_f98b42fc11787594,N,N,N,N,N,,,,,,
e_fa015c95b7604d4f,801,801,Name,e_fa015c95b7604d4f,N,N,N,N,N,,,,,,
e_fa35bd868c637627,1643,1643,Name,e_fa35bd868c637627,N,N,N,N,N,,,,,,
e_fac3f9642ab36fb1,1645,1645,Name,e_fac3f9642ab36fb1,N,N,N,N,N,,,,,,
e_fb84de3286faa675,985,985,Name,e_fb84de3286faa675,N,N,N,N,N,,,,,,
e_fba17bdd73d7a471,744,744,Name,e_fba17bdd73d7a471,N,N,N,N,N,,,,,,
e_fd2580a63c26c124,1768,1768,Name,e_fd2580a63c26c124,N,N,N,N,N,,,,,,
e_fd3af75beb4253f2,2061,2061,Name,e_fd3af75beb4253f2,N,N,N,N,N,,,,,,
e_fd3fd66f8e540936,868,868,Name,e_fd3fd66f8e540936,N,N,N,N,N,,,,,,
e_fdd34eebcc6be684,1256,1256,Name,e_fdd34eebcc6be684,N,N,N,N,N,,,,,,
e_fee75d6a906a5b91,2139,2139,Name,e_fee75d6a906a5b91,N,N,N,N,N,,,,,,
e_ff21c90a4ef7c48e,1254,1254,Name,e_ff21c90a4ef7c48e,N,N,N,N,N,,,,,,
e_ffa1eb96bfb28ad9,1781,1781,Name,e_ffa1eb96bfb28ad9,N,N,N,N,N,,,,,,
e_ffe0e9e119aef633,1644,1644,Name,e_ffe0e9e119aef633,N,N,N,N,N,,,,,,
o_00f2981b86b673ae,2190,2190,Name,Vật thể (o_00f2),N,N,N,N,N,,,,,,
o_02b11b6e7ac64f7c,2223,2223,Name,Vật thể (o_02b1),N,N,N,N,N,,,,,,
o_04be4a76fcfd47d0,2146,2146,Name,Vật thể (o_04be),N,N,N,N,N,,,,,,
o_059e7c4a4348bfc9,2219,2219,Name,Vật thể (o_059e),N,N,N,N,N,,,,,,
o_070bb6d91849783b,2151,2151,Name,Vật thể (o_070b),N,N,N,N,N,,,,,,
o_07206050f8f750bb,2240,2240,Name,Vật thể (o_0720),N,N,N,N,N,,,,,,
o_080d6cb518457ac1,2237,2237,Name,Vật thể (o_080d),N,N,N,N,N,,,,,,
o_0963426415a7b0b1,2204,2204,Name,Vật thể (o_0963),N,N,N,N,N,,,,,,
o_0c95748938e0eb6d,2182,2182,Name,Vật thể (o_0c95),N,N,N,N,N,,,,,,
o_0e67f39d4b2ea1cd,2205,2205,Name,Vật thể (o_0e67),N,N,N,N,N,,,,,,
o_1194eac8e98471c6,2239,2239,Name,Vật thể (o_1194),N,N,N,N,N,,,,,,
o_13eb2248168cb10c,2142,2142,Name,Vật thể (o_13eb),N,N,N,N,N,,,,,,
o_163cd7abd59a0926,2249,2249,Name,Vật thể (o_163c),N,N,N,N,N,,,,,,
o_1731f1295dcee434,2250,2250,Name,Vật thể (o_1731),N,N,N,N,N,,,,,,
o_1a966fd7e72c20bc,2193,2193,Name,Vật thể (o_1a96),N,N,N,N,N,,,,,,
o_1c658181fab2e8d7,2405,2405,Name,Vật thể (o_1c65),N,N,N,N,N,,,,,,
o_1d7854c58c878a53,2232,2232,Name,Vật thể (o_1d78),N,N,N,N,N,,,,,,
o_2294c659ff59f9d4,2160,2160,Name,Vật thể (o_2294),N,N,N,N,N,,,,,,
o_2479416e7fca4427,2187,2187,Name,Vật thể (o_2479),N,N,N,N,N,,,,,,
o_27eb27895023cb72,2168,2168,Name,Vật thể (o_27eb),N,N,N,N,N,,,,,,
o_2a9b303501705183,2144,2144,Name,Vật thể (o_2a9b),N,N,N,N,N,,,,,,
o_2d76a8e297190d82,2245,2245,Name,Vật thể (o_2d76),N,N,N,N,N,,,,,,
o_33822a8ca447bfdf,2196,2196,Name,Vật thể (o_3382),N,N,N,N,N,,,,,,
o_35f5511597527248,2228,2228,Name,Vật thể (o_35f5),N,N,N,N,N,,,,,,
o_3701dcabf9e32ca9,2248,2248,Name,Vật thể (o_3701),N,N,N,N,N,,,,,,
o_382a82bc9d683d9c,2201,2201,Name,Vật thể (o_382a),N,N,N,N,N,,,,,,
o_39fc2d83ba49e5f9,2236,2236,Name,Vật thể (o_39fc),N,N,N,N,N,,,,,,
o_3b9b1f3a4bbc6485,2154,2154,Name,Vật thể (o_3b9b),N,N,N,N,N,,,,,,
o_3c921dfdac5deeba,2233,2233,Name,Vật thể (o_3c92),N,N,N,N,N,,,,,,
o_47e4a14db08a8c9c,2244,2244,Name,Vật thể (o_47e4),N,N,N,N,N,,,,,,
o_47ee58779899deda,2230,2230,Name,Vật thể (o_47ee),N,N,N,N,N,,,,,,
o_4a49a28423913b84,2229,2229,Name,Vật thể (o_4a49),N,N,N,N,N,,,,,,
o_4e40e06b46c46c14,2177,2177,Name,Vật thể (o_4e40),N,N,N,N,N,,,,,,
o_4fa472483bf50d71,2178,2178,Name,Vật thể (o_4fa4),N,N,N,N,N,,,,,,
o_5a5e346e714fa18b,2222,2222,Name,Vật thể (o_5a5e),N,N,N,N,N,,,,,,
o_5ce9d46585145183,2174,2174,Name,Vật thể (o_5ce9),N,N,N,N,N,,,,,,
o_5e2993bcc8fa8e3c,2158,2158,Name,Vật thể (o_5e29),N,N,N,N,N,,,,,,
o_5ffc533240962ac3,2207,2207,Name,Vật thể (o_5ffc),N,N,N,N,N,,,,,,
o_60afd6c06dbcdeea,2211,2211,Name,Vật thể (o_60af),N,N,N,N,N,,,,,,
o_640f576edeae297c,2181,2181,Name,Vật thể (o_640f),N,N,N,N,N,,,,,,
o_643984ac0abcc60c,2194,2194,Name,Vật thể (o_6439),N,N,N,N,N,,,,,,
o_643f7fac0d0c26e8,2195,2195,Name,Vật thể (o_643f),N,N,N,N,N,,,,,,
o_6e7c85f586f5e85d,2214,2214,Name,Vật thể (o_6e7c),N,N,N,N,N,,,,,,
o_71063fd4120ee864,2180,2180,Name,Vật thể (o_7106),N,N,N,N,N,,,,,,
o_71792a82573611e3,2191,2191,Name,Vật thể (o_7179),N,N,N,N,N,,,,,,
o_720d64d4285c2a08,2172,2172,Name,Vật thể (o_720d),N,N,N,N,N,,,,,,
o_7699a605ff6d16bd,2175,2175,Name,Vật thể (o_7699),N,N,N,N,N,,,,,,
o_7903014bce1493c5,2173,2173,Name,Vật thể (o_7903),N,N,N,N,N,,,,,,
o_7abdf98101041bc3,2220,2220,Name,Vật thể (o_7abd),N,N,N,N,N,,,,,,
o_7c1efa685fd16ef6,2217,2217,Name,Vật thể (o_7c1e),N,N,N,N,N,,,,,,
o_7c24f01761c7e670,2176,2176,Name,Vật thể (o_7c24),N,N,N,N,N,,,,,,
o_7e757a6470b14d01,2155,2155,Name,Vật thể (o_7e75),N,N,N,N,N,,,,,,
o_7f1e831e2607a81e,2234,2234,Name,Vật thể (o_7f1e),N,N,N,N,N,,,,,,
o_7f4ba4df6bd0e843,2149,2149,Name,Vật thể (o_7f4b),N,N,N,N,N,,,,,,
o_8079462e15f95778,2171,2171,Name,Vật thể (o_8079),N,N,N,N,N,,,,,,
o_84c5cbefb8f08305,2210,2210,Name,Vật thể (o_84c5),N,N,N,N,N,,,,,,
o_8a7fda9e27aa1e0b,2209,2209,Name,Vật thể (o_8a7f),N,N,N,N,N,,,,,,
o_8cdf1c3c8a7f224a,2185,2185,Name,Vật thể (o_8cdf),N,N,N,N,N,,,,,,
o_8ea5ec6538efd816,2221,2221,Name,Vật thể (o_8ea5),N,N,N,N,N,,,,,,
o_8ebd4415a07b84b7,2200,2200,Name,Vật thể (o_8ebd),N,N,N,N,N,,,,,,
o_9130b2c1536c09e7,2235,2235,Name,Vật thể (o_9130),N,N,N,N,N,,,,,,
o_91cfb5eb433d6c08,2231,2231,Name,Vật thể (o_91cf),N,N,N,N,N,,,,,,
o_951a32ac17c9b614,2163,2163,Name,Vật thể (o_951a),N,N,N,N,N,,,,,,
o_9525fa8f3e7aa99e,2226,2226,Name,Vật thể (o_9525),N,N,N,N,N,,,,,,
o_95541b92f63651b7,2148,2148,Name,Vật thể (o_9554),N,N,N,N,N,,,,,,
o_96a3a65d926d27d6,2246,2246,Name,Vật thể (o_96a3),N,N,N,N,N,,,,,,
o_96a4539f4e000ce5,2225,2225,Name,Vật thể (o_96a4),N,N,N,N,N,,,,,,
o_980611450cb16feb,2141,2141,Name,Vật thể (o_9806),N,N,N,N,N,,,,,,
o_9b68f2297fdc4cef,2203,2203,Name,Vật thể (o_9b68),N,N,N,N,N,,,,,,
o_9cc35b84630f1c43,2184,2184,Name,Vật thể (o_9cc3),N,N,N,N,N,,,,,,
o_9fbc1cdf000073ce,2192,2192,Name,Vật thể (o_9fbc),N,N,N,N,N,,,,,,
o_a777beb0d077ce40,2238,2238,Name,Vật thể (o_a777),N,N,N,N,N,,,,,,
o_a8d9731e7192d17a,2166,2166,Name,Vật thể (o_a8d9),N,N,N,N,N,,,,,,
o_a9860460beb8aa33,2159,2159,Name,Vật thể (o_a986),N,N,N,N,N,,,,,,
o_a9cfc8ef0e5c60b2,2183,2183,Name,Vật thể (o_a9cf),N,N,N,N,N,,,,,,
o_ab7ad1b00e8c3545,2157,2157,Name,Vật thể (o_ab7a),N,N,N,N,N,,,,,,
o_ad98f3b38c566aa4,2189,2189,Name,Vật thể (o_ad98),N,N,N,N,N,,,,,,
o_aed1297ef32dfd67,2215,2215,Name,Vật thể (o_aed1),N,N,N,N,N,,,,,,
o_b036a623bbd14c25,2197,2197,Name,Vật thể (o_b036),N,N,N,N,N,,,,,,
o_b14045ebaa1bb588,2243,2243,Name,Vật thể (o_b140),N,N,N,N,N,,,,,,
o_b2806f73dcdc80ed,2147,2147,Name,Vật thể (o_b280),N,N,N,N,N,,,,,,
o_b395efb8b013ee01,2145,2145,Name,Vật thể (o_b395),N,N,N,N,N,,,,,,
o_b4e31127cc2d2795,2169,2169,Name,Vật thể (o_b4e3),N,N,N,N,N,,,,,,
o_bba7db007bce8e35,2208,2208,Name,Vật thể (o_bba7),N,N,N,N,N,,,,,,
o_bc988569d244b9ef,2247,2247,Name,Vật thể (o_bc98),N,N,N,N,N,,,,,,
o_beb099cce507057e,2150,2150,Name,Vật thể (o_beb0),N,N,N,N,N,,,,,,
o_c25e61ebcfbb3448,2165,2165,Name,Vật thể (o_c25e),N,N,N,N,N,,,,,,
o_c3560843a0dd7a22,2407,2407,Name,Vật thể (o_c356),N,N,N,N,N,,,,,,
o_c4076efb56ab9358,2202,2202,Name,Vật thể (o_c407),N,N,N,N,N,,,,,,
o_c4ed3d59f90ba503,2156,2156,Name,Vật thể (o_c4ed),N,N,N,N,N,,,,,,
o_c57d4a2e2855951b,2206,2206,Name,Vật thể (o_c57d),N,N,N,N,N,,,,,,
o_c98acc8984a6d48a,2213,2213,Name,Vật thể (o_c98a),N,N,N,N,N,,,,,,
o_ce8111a3640eeb13,2153,2153,Name,Vật thể (o_ce81),N,N,N,N,N,,,,,,
o_d3a245892cb9fe40,2164,2164,Name,Vật thể (o_d3a2),N,N,N,N,N,,,,,,
o_d42b3a9782b48273,2227,2227,Name,Vật thể (o_d42b),N,N,N,N,N,,,,,,
o_d438556d0ef38af5,2212,2212,Name,Vật thể (o_d438),N,N,N,N,N,,,,,,
o_d9ba761e655145d8,2162,2162,Name,Vật thể (o_d9ba),N,N,N,N,N,,,,,,
o_da4b417d6b400be2,2242,2242,Name,Vật thể (o_da4b),N,N,N,N,N,,,,,,
o_dd802aeab53f2376,2199,2199,Name,Vật thể (o_dd80),N,N,N,N,N,,,,,,
o_de27588dbf0b0bc1,2161,2161,Name,Vật thể (o_de27),N,N,N,N,N,,,,,,
o_e01418f631114003,2188,2188,Name,Vật thể (o_e014),N,N,N,N,N,,,,,,
o_e479dd5b30413571,2198,2198,Name,Vật thể (o_e479),N,N,N,N,N,,,,,,
o_e6f8e9f0a236ce96,2167,2167,Name,Vật thể (o_e6f8),N,N,N,N,N,,,,,,
o_ea05f534858e8b28,2179,2179,Name,Vật thể (o_ea05),N,N,N,N,N,,,,,,
o_eb1ab00e2c179746,2143,2143,Name,Vật thể (o_eb1a),N,N,N,N,N,,,,,,
o_f68d63f692875b8c,2216,2216,Name,Vật thể (o_f68d),N,N,N,N,N,,,,,,
o_f8869dde8f2c3b24,2186,2186,Name,Vật thể (o_f886),N,N,N,N,N,,,,,,
o_fab520d750ef9466,2406,2406,Name,Vật thể (o_fab5),N,N,N,N,N,,,,,,
o_fc0f61aff5313a59,2170,2170,Name,Vật thể (o_fc0f),N,N,N,N,N,,,,,,
o_fcc3e54c0abbdd93,2241,2241,Name,Vật thể (o_fcc3),N,N,N,N,N,,,,,,
o_fd0728ee0c53bd84,2224,2224,Name,Vật thể (o_fd07),N,N,N,N,N,,,,,,
o_fd0b490f50a4eff3,2218,2218,Name,Vật thể (o_fd0b),N,N,N,N,N,,,,,,
o_fd6f5e9568dd813b,2152,2152,Name,Vật thể (o_fd6f),N,N,N,N,N,,,,,,
s_000bbd8c140bce5f,607,607,Name,s_000bbd8c140bce5f,N,N,N,N,N,,,,,,
s_008e0ed53ec90985,445,445,Name,s_008e0ed53ec90985,N,N,N,N,N,,,,,,
s_009078ec68484ae6,1575,1575,Name,s_009078ec68484ae6,N,N,N,N,N,,,,,,
s_01b9b6746dd89de6,2330,2330,Name,s_01b9b6746dd89de6,N,N,N,N,N,,,,,,
s_01bd693a782ffaa3,1576,1576,Name,s_01bd693a782ffaa3,N,N,N,N,N,,,,,,
s_01f2238648f9d14c,1949,1949,Name,s_01f2238648f9d14c,N,N,N,N,N,,,,,,
s_025752c03f3022b3,493,493,Name,s_025752c03f3022b3,N,N,N,N,N,,,,,,
s_025bda2a8911924e,1914,1914,Name,s_025bda2a8911924e,N,N,N,N,N,,,,,,
s_02a302b721868956,686,686,Name,s_02a302b721868956,N,N,N,N,N,,,,,,
s_041f5390e88e339e,1567,1567,Name,s_041f5390e88e339e,N,N,N,N,N,,,,,,
s_05509fb52b549b13,1899,1899,Name,s_05509fb52b549b13,N,N,N,N,N,,,,,,
s_05513fd1cd18c76b,2334,2334,Name,s_05513fd1cd18c76b,N,N,N,N,N,,,,,,
s_06d608980e20761a,1562,1562,Name,s_06d608980e20761a,N,N,N,N,N,,,,,,
s_06ea906dd17154f9,379,379,Name,s_06ea906dd17154f9,N,N,N,N,N,,,,,,
s_07d5049b596a448d,537,537,Name,s_07d5049b596a448d,N,N,N,N,N,,,,,,
s_085bf8bfeb26fa6e,1918,1918,Name,s_085bf8bfeb26fa6e,N,N,N,N,N,,,,,,
s_099d60cc3b50aa38,244,244,Name|VN,Cửa hàng tiện lợi,Cửa hàng tiện lợi (convenience store),Cửa hàng tiện lợi,Cửa hàng tiện lợi (convenience store),Convenience store,Convenience store,便利店,便利店,ショップ,ショップ,상점,상점
s_09dd30080f5c0319,1948,1948,Name,s_09dd30080f5c0319,N,N,N,N,N,,,,,,
s_0a548e05557cfaa3,662,662,Name,s_0a548e05557cfaa3,N,N,N,N,N,,,,,,
s_0bf942bf0a924680,670,670,Name,s_0bf942bf0a924680,N,N,N,N,N,,,,,,
s_0da21e1b4139aed7,593,593,Name,s_0da21e1b4139aed7,N,N,N,N,N,,,,,,
s_0e26ebb825ec04a8,93,93,Name|VN,Điểm nối chuyến quốc tế - quốc tế,Điểm nối chuyến QT-QT (Transfer Point Int-Int),Điểm nối chuyến quốc tế - quốc tế,Điểm nối chuyến QT-QT (Transfer Point Int-Int),Transfer Point International-International,Transfer Point International-International,国际转运点-国际,国际转运点-国际,トランスファーポイントインターナショナル-インターナショナル,トランスファーポイントインターナショナル-インターナショナル,트랜스퍼 포인트 인터내셔널-인터내셔널,트랜스퍼 포인트 인터내셔널-인터내셔널
s_0e839cef7e3fec34,22,22,Name|VN,Phòng chờ ga đi quốc nội,Khu ga đi quốc nội,Phòng chờ ga đi quốc nội,Khu ga đi quốc nội,Domestic Departure Lounge,Domestic Departure Lounge,国内出发航站楼候机区,国内出发航站楼候机区,国内線出発ラウンジ,国内線出発ラウンジ,국내선 출발 라운지,국내선 출발 라운지
s_0ee04a5f5cbb4328,570,570,Name,s_0ee04a5f5cbb4328,N,N,N,N,N,,,,,,
s_0ff415807f18eca9,594,594,Name,s_0ff415807f18eca9,N,N,N,N,N,,,,,,
s_105f13e068c9a9bd,1572,1572,Name,s_105f13e068c9a9bd,N,N,N,N,N,,,,,,
s_10aa180dcdeea7f2,538,538,Name,s_10aa180dcdeea7f2,N,N,N,N,N,,,,,,
s_11d1be3a619012c7,442,442,Name,s_11d1be3a619012c7,N,N,N,N,N,,,,,,
s_12e6f848125a2357,1925,1925,Name,s_12e6f848125a2357,N,N,N,N,N,,,,,,
s_146768a1e9380230,696,696,Name,s_146768a1e9380230,N,N,N,N,N,,,,,,
s_150cffff519f187a,404,404,Name,s_150cffff519f187a,N,N,N,N,N,,,,,,
s_153d7953c2bd4665,2093,2093,Name,s_153d7953c2bd4665,N,N,N,N,N,,,,,,
s_16ae30abd75d461c,437,437,Name,s_16ae30abd75d461c,N,N,N,N,N,,,,,,
s_171fbeb2b61a6066,414,414,Name,s_171fbeb2b61a6066,N,N,N,N,N,,,,,,
s_183a7649b025b2d4,642,642,Name,s_183a7649b025b2d4,N,N,N,N,N,,,,,,
s_187d7b9b08316a4f,648,648,Name,s_187d7b9b08316a4f,N,N,N,N,N,,,,,,
s_18aa30340f2da434,627,627,Name,s_18aa30340f2da434,N,N,N,N,N,,,,,,
s_18c7ef3ede5785f2,2326,2326,Name,s_18c7ef3ede5785f2,N,N,N,N,N,,,,,,
s_196be897fd1fdbd1,470,470,Name,s_196be897fd1fdbd1,N,N,N,N,N,,,,,,
s_19e57deb238394a8,1977,1977,Name,s_19e57deb238394a8,N,N,N,N,N,,,,,,
s_19f33db5e3b8b052,455,455,Name,s_19f33db5e3b8b052,N,N,N,N,N,,,,,,
s_1a3dea3927d3abd7,425,425,Name,s_1a3dea3927d3abd7,N,N,N,N,N,,,,,,
s_1a4d06921c34be61,694,694,Name,s_1a4d06921c34be61,N,N,N,N,N,,,,,,
s_1a5ba1fd58fb54b4,659,659,Name,s_1a5ba1fd58fb54b4,N,N,N,N,N,,,,,,
s_1b358171ef56008d,456,456,Name,s_1b358171ef56008d,N,N,N,N,N,,,,,,
s_1c0b9b70126cac67,616,616,Name,s_1c0b9b70126cac67,N,N,N,N,N,,,,,,
s_1c603dd5afff19fa,487,487,Name,s_1c603dd5afff19fa,N,N,N,N,N,,,,,,
s_1cbba3b9b1ad7472,534,534,Name,s_1cbba3b9b1ad7472,N,N,N,N,N,,,,,,
s_1d1eecf364e37514,410,410,Name,s_1d1eecf364e37514,N,N,N,N,N,,,,,,
s_1e3846105b8fc6e5,1561,1561,Name,s_1e3846105b8fc6e5,N,N,N,N,N,,,,,,
s_1ecac5c24855fe5a,406,406,Name,s_1ecac5c24855fe5a,N,N,N,N,N,,,,,,
s_1f650cf5619bdcdc,463,463,Name,s_1f650cf5619bdcdc,N,N,N,N,N,,,,,,
s_1fa57e84a67b3547,433,433,Name|VN,s_1fa57e84a67b3547,Nhà vệ sinh (WC - Toilet),N,Nhà vệ sinh (WC - Toilet),N,N,,,,,,
s_1fee89b0589e2a46,608,608,Name,s_1fee89b0589e2a46,N,N,N,N,N,,,,,,
s_219946855020d214,550,550,Name,s_219946855020d214,N,N,N,N,N,,,,,,
s_22000fbb45aaeed0,1981,1981,Name,s_22000fbb45aaeed0,N,N,N,N,N,,,,,,
s_2220309b610b78ab,396,396,Name,s_2220309b610b78ab,N,N,N,N,N,,,,,,
s_2259e619c9bdbcbd,622,622,Name,s_2259e619c9bdbcbd,N,N,N,N,N,,,,,,
s_22bf29dfb94c5537,665,665,Name,s_22bf29dfb94c5537,N,N,N,N,N,,,,,,
s_230b1c607006bd88,2124,2124,Name,s_230b1c607006bd88,N,N,N,N,N,,,,,,
s_239ed9e43560d5a8,423,423,Name,s_239ed9e43560d5a8,N,N,N,N,N,,,,,,
s_24377fcf642c1eda,590,590,Name,s_24377fcf642c1eda,N,N,N,N,N,,,,,,
s_2488e459f77ff549,604,604,Name,s_2488e459f77ff549,N,N,N,N,N,,,,,,
s_24a45ba7448ae8d4,617,617,Name,s_24a45ba7448ae8d4,N,N,N,N,N,,,,,,
s_2514308210b3512f,529,529,Name,s_2514308210b3512f,N,N,N,N,N,,,,,,
s_257f3ca85470d856,516,516,Name,s_257f3ca85470d856,N,N,N,N,N,,,,,,
s_2646f0b72d8fd913,506,506,Name,s_2646f0b72d8fd913,N,N,N,N,N,,,,,,
s_2727f9b7d1b8c08f,2095,2095,Name,s_2727f9b7d1b8c08f,N,N,N,N,N,,,,,,
s_273f54e12dae8c93,563,563,Name,s_273f54e12dae8c93,N,N,N,N,N,,,,,,
s_2749293b8a72d67e,629,629,Name,s_2749293b8a72d67e,N,N,N,N,N,,,,,,
s_27ce083ae9716cb3,1936,1936,Name,s_27ce083ae9716cb3,N,N,N,N,N,,,,,,
s_290a5d2887b28d1b,530,530,Name,s_290a5d2887b28d1b,N,N,N,N,N,,,,,,
s_29ae9991d8eb878c,632,632,Name,s_29ae9991d8eb878c,N,N,N,N,N,,,,,,
s_2af33f9aa25750b0,597,597,Name,s_2af33f9aa25750b0,N,N,N,N,N,,,,,,
s_2b5b78f5f05add3b,1930,1930,Name,s_2b5b78f5f05add3b,N,N,N,N,N,,,,,,
s_2bff2a78f7cc87a1,667,667,Name,s_2bff2a78f7cc87a1,N,N,N,N,N,,,,,,
s_2c3856e4fd3bb90d,503,503,Name,s_2c3856e4fd3bb90d,N,N,N,N,N,,,,,,
s_2d7badaf994253f1,2333,2333,Name,s_2d7badaf994253f1,N,N,N,N,N,,,,,,
s_2f6ca6e52e2c9ce8,571,571,Name,s_2f6ca6e52e2c9ce8,N,N,N,N,N,,,,,,
s_2f923fff9815443f,521,521,Name,s_2f923fff9815443f,N,N,N,N,N,,,,,,
s_2fe97705b2fd92fb,1970,1970,Name,s_2fe97705b2fd92fb,N,N,N,N,N,,,,,,
s_302979523435ccfe,691,691,Name,s_302979523435ccfe,N,N,N,N,N,,,,,,
s_308b5abbfa6c6b4a,416,416,Name,s_308b5abbfa6c6b4a,N,N,N,N,N,,,,,,
s_30ffb7e8186fe40f,2311,2311,Name,s_30ffb7e8186fe40f,N,N,N,N,N,,,,,,
s_3362fa76f0715f08,548,548,Name,s_3362fa76f0715f08,N,N,N,N,N,,,,,,
s_338daaa74e5af7b4,1917,1917,Name,s_338daaa74e5af7b4,N,N,N,N,N,,,,,,
s_3445d4a1f5744fff,422,422,Name,s_3445d4a1f5744fff,N,N,N,N,N,,,,,,
s_346c5c5bec94e3d4,1571,1571,Name,s_346c5c5bec94e3d4,N,N,N,N,N,,,,,,
s_351ccf13d274625c,2316,2316,Name,s_351ccf13d274625c,N,N,N,N,N,,,,,,
s_35f830b8f66e3160,2066,2066,Name,s_35f830b8f66e3160,N,N,N,N,N,,,,,,
s_3718db80183cebdf,2319,2319,Name,s_3718db80183cebdf,N,N,N,N,N,,,,,,
s_37b830d052736db1,461,461,Name,s_37b830d052736db1,N,N,N,N,N,,,,,,
s_37bc21797ff784d8,647,647,Name,s_37bc21797ff784d8,N,N,N,N,N,,,,,,
s_397170825fe564e0,652,652,Name,s_397170825fe564e0,N,N,N,N,N,,,,,,
s_3b5c08491c5ba2df,448,448,Name,s_3b5c08491c5ba2df,N,N,N,N,N,,,,,,
s_3b60af8a845db436,452,452,Name,s_3b60af8a845db436,N,N,N,N,N,,,,,,
s_3d330860586b2b36,491,491,Name,s_3d330860586b2b36,N,N,N,N,N,,,,,,
s_3d9817ac7f1aa80b,637,637,Name,s_3d9817ac7f1aa80b,N,N,N,N,N,,,,,,
s_3dc43cd3415671e2,492,492,Name,s_3dc43cd3415671e2,N,N,N,N,N,,,,,,
s_3dca54781957e42b,2065,2065,Name,s_3dca54781957e42b,N,N,N,N,N,,,,,,
s_3e3d9757583b51d8,639,639,Name,s_3e3d9757583b51d8,N,N,N,N,N,,,,,,
s_3e53d1370ef90063,561,561,Name,s_3e53d1370ef90063,N,N,N,N,N,,,,,,
s_3f2b26db982b6483,660,660,Name,s_3f2b26db982b6483,N,N,N,N,N,,,,,,
s_3ffd824617991b44,1943,1943,Name,s_3ffd824617991b44,N,N,N,N,N,,,,,,
s_40e57f8b86bddf26,446,446,Name,s_40e57f8b86bddf26,N,N,N,N,N,,,,,,
s_415311bcf4d53445,408,408,Name,s_415311bcf4d53445,N,N,N,N,N,,,,,,
s_426d62ce88487340,1565,1565,Name,s_426d62ce88487340,N,N,N,N,N,,,,,,
s_428a1ffc9f0a7c1c,477,477,Name,s_428a1ffc9f0a7c1c,N,N,N,N,N,,,,,,
s_42900301b2aee345,1967,1967,Name,s_42900301b2aee345,N,N,N,N,N,,,,,,
s_42ce812ad412954a,650,650,Name,s_42ce812ad412954a,N,N,N,N,N,,,,,,
s_42e5a68291489c47,1934,1934,Name,s_42e5a68291489c47,N,N,N,N,N,,,,,,
s_42fad42c39bf2602,1939,1939,Name,s_42fad42c39bf2602,N,N,N,N,N,,,,,,
s_430967320ca8bd5a,2321,2321,Name,s_430967320ca8bd5a,N,N,N,N,N,,,,,,
s_439433856cf711fe,1961,1961,Name,s_439433856cf711fe,N,N,N,N,N,,,,,,
s_4496b2f5c548a512,567,567,Name,s_4496b2f5c548a512,N,N,N,N,N,,,,,,
s_45b14a611c092552,586,586,Name,s_45b14a611c092552,N,N,N,N,N,,,,,,
s_47b10833be112a7c,1913,1913,Name,s_47b10833be112a7c,N,N,N,N,N,,,,,,
s_48977da59d752c5e,1935,1935,Name,s_48977da59d752c5e,N,N,N,N,N,,,,,,
s_494459d9a8f84ef5,451,451,Name,s_494459d9a8f84ef5,N,N,N,N,N,,,,,,
s_49591258ee750054,546,546,Name,s_49591258ee750054,N,N,N,N,N,,,,,,
s_4a05afff7590e7c2,478,478,Name,s_4a05afff7590e7c2,N,N,N,N,N,,,,,,
s_4a1d8cd87d90e508,585,585,Name,s_4a1d8cd87d90e508,N,N,N,N,N,,,,,,
s_4ac73ecd03f3b920,554,554,Name,s_4ac73ecd03f3b920,N,N,N,N,N,,,,,,
s_4b1887e42b1223bc,587,587,Name,s_4b1887e42b1223bc,N,N,N,N,N,,,,,,
s_4b777496a640d5bc,484,484,Name,s_4b777496a640d5bc,N,N,N,N,N,,,,,,
s_4c39855da4a5d384,1902,1902,Name,s_4c39855da4a5d384,N,N,N,N,N,,,,,,
s_4c4820b344175867,497,497,Name,s_4c4820b344175867,N,N,N,N,N,,,,,,
s_4c837e7d2148ee7b,457,457,Name,s_4c837e7d2148ee7b,N,N,N,N,N,,,,,,
s_4d895bfea585b2a1,588,588,Name,s_4d895bfea585b2a1,N,N,N,N,N,,,,,,
s_4dbbc03c2e029d39,415,415,Name,s_4dbbc03c2e029d39,N,N,N,N,N,,,,,,
s_4e02ec42e104c543,1952,1952,Name,s_4e02ec42e104c543,N,N,N,N,N,,,,,,
s_4e0bb4481ad9e0e8,542,542,Name,s_4e0bb4481ad9e0e8,N,N,N,N,N,,,,,,
s_4e1a5ca190abb8e4,511,511,Name,s_4e1a5ca190abb8e4,N,N,N,N,N,,,,,,
s_4ea5d8145aba4e6a,1900,1900,Name,s_4ea5d8145aba4e6a,N,N,N,N,N,,,,,,
s_4eb1c8b277da6ca8,623,623,Name,s_4eb1c8b277da6ca8,N,N,N,N,N,,,,,,
s_4edfd73d4ba50c79,644,644,Name,s_4edfd73d4ba50c79,N,N,N,N,N,,,,,,
s_4f96f7636a19988e,545,545,Name,s_4f96f7636a19988e,N,N,N,N,N,,,,,,
s_50c1fe46f323a233,1979,1979,Name,s_50c1fe46f323a233,N,N,N,N,N,,,,,,
s_518046d3a8753d41,515,515,Name,s_518046d3a8753d41,N,N,N,N,N,,,,,,
s_5214294e94d5e9fa,509,509,Name,s_5214294e94d5e9fa,N,N,N,N,N,,,,,,
s_52320e2fc1488a3d,565,565,Name,s_52320e2fc1488a3d,N,N,N,N,N,,,,,,
s_52bc9beb9a7a6b85,1931,1931,Name,s_52bc9beb9a7a6b85,N,N,N,N,N,,,,,,
s_531efdaefa5b87bd,418,418,Name,s_531efdaefa5b87bd,N,N,N,N,N,,,,,,
s_53794e2344941fb6,562,562,Name,s_53794e2344941fb6,N,N,N,N,N,,,,,,
s_539fd1361f116ae1,2322,2322,Name,s_539fd1361f116ae1,N,N,N,N,N,,,,,,
s_541b67d37ddf33eb,2312,2312,Name,s_541b67d37ddf33eb,N,N,N,N,N,,,,,,
s_5497b3afa21ecec5,689,689,Name,s_5497b3afa21ecec5,N,N,N,N,N,,,,,,
s_54daba290bf21098,599,599,Name,s_54daba290bf21098,N,N,N,N,N,,,,,,
s_54f0c3a396966d80,2092,2092,Name,s_54f0c3a396966d80,N,N,N,N,N,,,,,,
s_58207743035db3ce,1951,1951,Name,s_58207743035db3ce,N,N,N,N,N,,,,,,
s_583f687224771903,2064,2064,Name,s_583f687224771903,N,N,N,N,N,,,,,,
s_5a00d44198025138,634,634,Name,s_5a00d44198025138,N,N,N,N,N,,,,,,
s_5afe00e55650bf97,1916,1916,Name,s_5afe00e55650bf97,N,N,N,N,N,,,,,,
s_5b130d3325723aec,1924,1924,Name,s_5b130d3325723aec,N,N,N,N,N,,,,,,
s_5b42d541a8a7afd8,459,459,Name,s_5b42d541a8a7afd8,N,N,N,N,N,,,,,,
s_5b719213e59b3f44,1907,1907,Name,s_5b719213e59b3f44,N,N,N,N,N,,,,,,
s_5c1e8ddcb399683f,661,661,Name,s_5c1e8ddcb399683f,N,N,N,N,N,,,,,,
s_5c1ebfcc2ddfd728,600,600,Name,s_5c1ebfcc2ddfd728,N,N,N,N,N,,,,,,
s_5c8efaaa01cd4c08,1973,1973,Name,s_5c8efaaa01cd4c08,N,N,N,N,N,,,,,,
s_5ccaeae4dfc3f5d7,1978,1978,Name,s_5ccaeae4dfc3f5d7,N,N,N,N,N,,,,,,
s_5cf5e9d23d205295,1957,1957,Name,s_5cf5e9d23d205295,N,N,N,N,N,,,,,,
s_5cf6600fbbfc1941,513,513,Name,s_5cf6600fbbfc1941,N,N,N,N,N,,,,,,
s_609a4d391607c38b,494,494,Name,s_609a4d391607c38b,N,N,N,N,N,,,,,,
s_61efeb48b65c9d2e,575,575,Name,s_61efeb48b65c9d2e,N,N,N,N,N,,,,,,
s_624e15fde30bb4cb,514,514,Name,s_624e15fde30bb4cb,N,N,N,N,N,,,,,,
s_65bf8bc6f35a0f6d,699,699,Name,s_65bf8bc6f35a0f6d,N,N,N,N,N,,,,,,
s_6658bedc40f111c7,591,591,Name,s_6658bedc40f111c7,N,N,N,N,N,,,,,,
s_6692b2c5da0ee962,421,421,Name,s_6692b2c5da0ee962,N,N,N,N,N,,,,,,
s_672f123658bee659,653,653,Name,s_672f123658bee659,N,N,N,N,N,,,,,,
s_68033abab7e5b71b,464,464,Name,s_68033abab7e5b71b,N,N,N,N,N,,,,,,
s_68b5b8114dfc8c42,1964,1964,Name,s_68b5b8114dfc8c42,N,N,N,N,N,,,,,,
s_68f3398f9758033c,424,424,Name,s_68f3398f9758033c,N,N,N,N,N,,,,,,
s_693b64d505f4021b,449,449,Name,s_693b64d505f4021b,N,N,N,N,N,,,,,,
s_6956033229fd2e25,1962,1962,Name,s_6956033229fd2e25,N,N,N,N,N,,,,,,
s_6a40cfa254017ce0,535,535,Name,s_6a40cfa254017ce0,N,N,N,N,N,,,,,,
s_6babd4bc298bc321,1963,1963,Name,s_6babd4bc298bc321,N,N,N,N,N,,,,,,
s_6bc784d0b2faee7c,1976,1976,Name,s_6bc784d0b2faee7c,N,N,N,N,N,,,,,,
s_6c166c103994b67c,400,400,Name,s_6c166c103994b67c,N,N,N,N,N,,,,,,
s_6c3a56650f2263fb,1921,1921,Name,s_6c3a56650f2263fb,N,N,N,N,N,,,,,,
s_6ca5cf55503e2066,649,649,Name,s_6ca5cf55503e2066,N,N,N,N,N,,,,,,
s_6d59c3471c9c961d,1570,1570,Name,s_6d59c3471c9c961d,N,N,N,N,N,,,,,,
s_6d9a3b70219c9045,523,523,Name,s_6d9a3b70219c9045,N,N,N,N,N,,,,,,
s_6e98b3891234859a,606,606,Name,s_6e98b3891234859a,N,N,N,N,N,,,,,,
s_6ea81be7c06b7db6,618,618,Name,s_6ea81be7c06b7db6,N,N,N,N,N,,,,,,
s_6fbc2176a3446004,466,466,Name,s_6fbc2176a3446004,N,N,N,N,N,,,,,,
s_6ffd2be48a77dc5a,2325,2325,Name,s_6ffd2be48a77dc5a,N,N,N,N,N,,,,,,
s_71a35b111a17d3c5,1933,1933,Name,s_71a35b111a17d3c5,N,N,N,N,N,,,,,,
s_72d2a00d8787e155,2328,2328,Name,s_72d2a00d8787e155,N,N,N,N,N,,,,,,
s_73b8131ccb269d97,580,580,Name,s_73b8131ccb269d97,N,N,N,N,N,,,,,,
s_74359f577bda4c4d,1909,1909,Name,s_74359f577bda4c4d,N,N,N,N,N,,,,,,
s_7499b70ee8191ad6,1955,1955,Name,s_7499b70ee8191ad6,N,N,N,N,N,,,,,,
s_74cc3ce470595173,1928,1928,Name,s_74cc3ce470595173,N,N,N,N,N,,,,,,
s_74e2675b19271310,1569,1569,Name,s_74e2675b19271310,N,N,N,N,N,,,,,,
s_750cc15d29072793,543,543,Name,s_750cc15d29072793,N,N,N,N,N,,,,,,
s_7519e82ef11f5bdb,460,460,Name,s_7519e82ef11f5bdb,N,N,N,N,N,,,,,,
s_75564b2d646af908,533,533,Name,s_75564b2d646af908,N,N,N,N,N,,,,,,
s_75cde8ed2d2d0e5a,679,679,Name,s_75cde8ed2d2d0e5a,N,N,N,N,N,,,,,,
s_7692b76906704d2b,2332,2332,Name,s_7692b76906704d2b,N,N,N,N,N,,,,,,
s_76a11c1a58fc96a4,490,490,Name,s_76a11c1a58fc96a4,N,N,N,N,N,,,,,,
s_76abe1d9eccf89a2,426,426,Name,s_76abe1d9eccf89a2,N,N,N,N,N,,,,,,
s_770171c22aa0ade2,498,498,Name,s_770171c22aa0ade2,N,N,N,N,N,,,,,,
s_7761e7b2922e11b4,688,688,Name,s_7761e7b2922e11b4,N,N,N,N,N,,,,,,
s_7881f3af2376f6f2,2337,2337,Name,s_7881f3af2376f6f2,N,N,N,N,N,,,,,,
s_78b935cedd619cfe,680,680,Name,s_78b935cedd619cfe,N,N,N,N,N,,,,,,
s_78e423a6fe97c7fd,539,539,Name,s_78e423a6fe97c7fd,N,N,N,N,N,,,,,,
s_790bfbf8805e6ea1,1956,1956,Name,s_790bfbf8805e6ea1,N,N,N,N,N,,,,,,
s_79405f0f3e2be403,476,476,Name,s_79405f0f3e2be403,N,N,N,N,N,,,,,,
s_799aad723b88e122,501,501,Name,s_799aad723b88e122,N,N,N,N,N,,,,,,
s_7ab2b593ef35123f,1919,1919,Name,s_7ab2b593ef35123f,N,N,N,N,N,,,,,,
s_7ba21c43030917fc,1903,1903,Name,s_7ba21c43030917fc,N,N,N,N,N,,,,,,
s_7ba973898d0de4e4,1959,1959,Name,s_7ba973898d0de4e4,N,N,N,N,N,,,,,,
s_7bcc54772c971919,1937,1937,Name,s_7bcc54772c971919,N,N,N,N,N,,,,,,
s_7c2894910dd55210,2338,2338,Name,s_7c2894910dd55210,N,N,N,N,N,,,,,,
s_7c38a1653202a2f0,547,547,Name,s_7c38a1653202a2f0,N,N,N,N,N,,,,,,
s_7c68e30c3e1a34da,681,681,Name,s_7c68e30c3e1a34da,N,N,N,N,N,,,,,,
s_7cc5b7fa9a8fe446,527,527,Name,s_7cc5b7fa9a8fe446,N,N,N,N,N,,,,,,
s_7d0446344d368a17,444,444,Name,s_7d0446344d368a17,N,N,N,N,N,,,,,,
s_7d34079218d88ed7,636,636,Name,s_7d34079218d88ed7,N,N,N,N,N,,,,,,
s_7d5e59d9e8ba9126,577,577,Name,s_7d5e59d9e8ba9126,N,N,N,N,N,,,,,,
s_7d8360bbca350092,430,430,Name,s_7d8360bbca350092,N,N,N,N,N,,,,,,
s_7e2c5dfe0a54df0f,677,677,Name,s_7e2c5dfe0a54df0f,N,N,N,N,N,,,,,,
s_7e7d598d7b4af738,1898,1898,Name,s_7e7d598d7b4af738,N,N,N,N,N,,,,,,
s_7f1bcb51bd4f4a71,628,628,Name,s_7f1bcb51bd4f4a71,N,N,N,N,N,,,,,,
s_7f34a5e8e02d0bdb,1941,1941,Name,s_7f34a5e8e02d0bdb,N,N,N,N,N,,,,,,
s_7f7a6c7b01f9e3e5,559,559,Name,s_7f7a6c7b01f9e3e5,N,N,N,N,N,,,,,,
s_8118e9d6b2330052,480,480,Name,s_8118e9d6b2330052,N,N,N,N,N,,,,,,
s_8125e2b351bedcd2,2314,2314,Name,s_8125e2b351bedcd2,N,N,N,N,N,,,,,,
s_81ae281aefb04c9a,468,468,Name,s_81ae281aefb04c9a,N,N,N,N,N,,,,,,
s_82841594cfc9d64c,558,558,Name,s_82841594cfc9d64c,N,N,N,N,N,,,,,,
s_82d03bc6be097cfc,673,673,Name,s_82d03bc6be097cfc,N,N,N,N,N,,,,,,
s_83362fe3b5b8952e,488,488,Name,s_83362fe3b5b8952e,N,N,N,N,N,,,,,,
s_834ebc6b294393e7,578,578,Name,s_834ebc6b294393e7,N,N,N,N,N,,,,,,
s_8351c327802b5efb,1942,1942,Name,s_8351c327802b5efb,N,N,N,N,N,,,,,,
s_839e9012ddc94e26,544,544,Name,s_839e9012ddc94e26,N,N,N,N,N,,,,,,
s_84432fb08516385d,582,582,Name,s_84432fb08516385d,N,N,N,N,N,,,,,,
s_8479a1012caf15ef,157,157,Name|VN,Cửa hàng tiện lợi,Cửa hàng tiện lợi (convenience store),Cửa hàng tiện lợi,Cửa hàng tiện lợi (convenience store),Convenience store,Convenience store,便利店,便利店,ショップ,ショップ,상점,상점
s_8499d3e15ce0ec7a,568,568,Name,s_8499d3e15ce0ec7a,N,N,N,N,N,,,,,,
s_854e848c2d149545,675,675,Name,s_854e848c2d149545,N,N,N,N,N,,,,,,
s_86135453e9bec234,1905,1905,Name,s_86135453e9bec234,N,N,N,N,N,,,,,,
s_862d4333dd118624,596,596,Name,s_862d4333dd118624,N,N,N,N,N,,,,,,
s_8636b1d597833bed,1968,1968,Name,s_8636b1d597833bed,N,N,N,N,N,,,,,,
s_86683043c615742e,1912,1912,Name,s_86683043c615742e,N,N,N,N,N,,,,,,
s_86ac2b8c986b0619,1938,1938,Name,s_86ac2b8c986b0619,N,N,N,N,N,,,,,,
s_86c869e541157d98,572,572,Name,s_86c869e541157d98,N,N,N,N,N,,,,,,
s_872c527761879fbf,1577,1577,Name,s_872c527761879fbf,N,N,N,N,N,,,,,,
s_87a2688d320d8da5,499,499,Name,s_87a2688d320d8da5,N,N,N,N,N,,,,,,
s_87f3d6e9a47987e2,495,495,Name,s_87f3d6e9a47987e2,N,N,N,N,N,,,,,,
s_882561fdec5bc0a5,672,672,Name,s_882561fdec5bc0a5,N,N,N,N,N,,,,,,
s_88a84376a4c2cd74,603,603,Name,s_88a84376a4c2cd74,N,N,N,N,N,,,,,,
s_8a617c30c95d1226,507,507,Name,s_8a617c30c95d1226,N,N,N,N,N,,,,,,
s_8afcabafafdccfab,399,399,Name,s_8afcabafafdccfab,N,N,N,N,N,,,,,,
s_8b76c3c4d1d84526,471,471,Name,s_8b76c3c4d1d84526,N,N,N,N,N,,,,,,
s_8be7d7a81051708b,508,508,Name,s_8be7d7a81051708b,N,N,N,N,N,,,,,,
s_8c3d8b7dcdfa2536,609,609,Name,s_8c3d8b7dcdfa2536,N,N,N,N,N,,,,,,
s_8d32911cb4383f8f,526,526,Name,s_8d32911cb4383f8f,N,N,N,N,N,,,,,,
s_8deb98d1915edb49,1953,1953,Name,s_8deb98d1915edb49,N,N,N,N,N,,,,,,
s_8dee77dbeac71049,601,601,Name,s_8dee77dbeac71049,N,N,N,N,N,,,,,,
s_8eb18b2c30ce564d,646,646,Name,s_8eb18b2c30ce564d,N,N,N,N,N,,,,,,
s_9009ff6f34a694cd,1946,1946,Name,s_9009ff6f34a694cd,N,N,N,N,N,,,,,,
s_90ca93e02d7ddbe5,656,656,Name,s_90ca93e02d7ddbe5,N,N,N,N,N,,,,,,
s_91324c6c28a663c7,1975,1975,Name,s_91324c6c28a663c7,N,N,N,N,N,,,,,,
s_913f0467c89b95ed,439,439,Name,s_913f0467c89b95ed,N,N,N,N,N,,,,,,
s_917d4b798bc1c1d3,668,668,Name,s_917d4b798bc1c1d3,N,N,N,N,N,,,,,,
s_91873906f9fc7468,486,486,Name,s_91873906f9fc7468,N,N,N,N,N,,,,,,
s_9238d45ec7d9f0ed,566,566,Name,s_9238d45ec7d9f0ed,N,N,N,N,N,,,,,,
s_93a092b137c1655d,638,638,Name,s_93a092b137c1655d,N,N,N,N,N,,,,,,
s_94b7dd416c031123,678,678,Name,s_94b7dd416c031123,N,N,N,N,N,,,,,,
s_9536ac1be0192a2d,383,383,Name,s_9536ac1be0192a2d,N,N,N,N,N,,,,,,
s_9605235694629a21,231,231,Name|VN,Cửa hàng tiện lợi,Cửa hàng tiện lợi (convenience store),Cửa hàng tiện lợi,Cửa hàng tiện lợi (convenience store),Convenience store,Convenience store,便利店,便利店,ショップ,ショップ,상점,상점
s_960b2415ad725a4a,1901,1901,Name,s_960b2415ad725a4a,N,N,N,N,N,,,,,,
s_96f6dfbc96641637,475,475,Name,s_96f6dfbc96641637,N,N,N,N,N,,,,,,
s_97607d953525dd47,651,651,Name,s_97607d953525dd47,N,N,N,N,N,,,,,,
s_979abdedae9cb13b,581,581,Name,s_979abdedae9cb13b,N,N,N,N,N,,,,,,
s_97acd04f5c0fe0e3,462,462,Name,s_97acd04f5c0fe0e3,N,N,N,N,N,,,,,,
s_97e3a7f6a3480889,2063,2063,Name,s_97e3a7f6a3480889,N,N,N,N,N,,,,,,
s_98315f1cca686d53,435,435,Name,s_98315f1cca686d53,N,N,N,N,N,,,,,,
s_986fe2111dfced4c,518,518,Name,s_986fe2111dfced4c,N,N,N,N,N,,,,,,
s_988508c348c6ebf0,602,602,Name,s_988508c348c6ebf0,N,N,N,N,N,,,,,,
s_98dfaef558860a03,485,485,Name,s_98dfaef558860a03,N,N,N,N,N,,,,,,
s_995a5998502007e2,483,483,Name,s_995a5998502007e2,N,N,N,N,N,,,,,,
s_9b3fa7c4a9899af0,610,610,Name,s_9b3fa7c4a9899af0,N,N,N,N,N,,,,,,
s_9bed96e91582dae4,431,431,Name,s_9bed96e91582dae4,N,N,N,N,N,,,,,,
s_9c68253ce70ff7b8,626,626,Name,s_9c68253ce70ff7b8,N,N,N,N,N,,,,,,
s_9ce6b2b1dcf87b37,1966,1966,Name,s_9ce6b2b1dcf87b37,N,N,N,N,N,,,,,,
s_9d0b25e8f3090513,2329,2329,Name,s_9d0b25e8f3090513,N,N,N,N,N,,,,,,
s_9d43f920abb6206b,611,611,Name,s_9d43f920abb6206b,N,N,N,N,N,,,,,,
s_9d4f30855a7c0856,482,482,Name,s_9d4f30855a7c0856,N,N,N,N,N,,,,,,
s_9df09fca05dae2a9,549,549,Name,s_9df09fca05dae2a9,N,N,N,N,N,,,,,,
s_9f6d4dfcbe7fde21,489,489,Name,s_9f6d4dfcbe7fde21,N,N,N,N,N,,,,,,
s_9fcc20bef5e6ca51,505,505,Name,s_9fcc20bef5e6ca51,N,N,N,N,N,,,,,,
s_a05ab02fc91bd87c,2408,2408,Name,s_a05ab02fc91bd87c,N,N,N,N,N,,,,,,
s_a1146d4096989dda,1972,1972,Name,s_a1146d4096989dda,N,N,N,N,N,,,,,,
s_a150bd15fc90b13a,2096,2096,Name,s_a150bd15fc90b13a,N,N,N,N,N,,,,,,
s_a21272fbcde23e0e,441,441,Name|VN,s_a21272fbcde23e0e,Quầy thu đổi ngoại tệ,N,Quầy thu đổi ngoại tệ,N,N,,,,,,
s_a223f14b3a0a0249,657,657,Name,s_a223f14b3a0a0249,N,N,N,N,N,,,,,,
s_a3d0f3aa7ff6e995,2315,2315,Name,s_a3d0f3aa7ff6e995,N,N,N,N,N,,,,,,
s_a44b203a25a68d09,690,690,Name,s_a44b203a25a68d09,N,N,N,N,N,,,,,,
s_a5517276d8f96e46,443,443,Name,s_a5517276d8f96e46,N,N,N,N,N,,,,,,
s_a596e322ae084a4c,692,692,Name,s_a596e322ae084a4c,N,N,N,N,N,,,,,,
s_a6e016afc6d5e149,1563,1563,Name,s_a6e016afc6d5e149,N,N,N,N,N,,,,,,
s_a731008d3319376e,2318,2318,Name,s_a731008d3319376e,N,N,N,N,N,,,,,,
s_a732d9328dd50c86,1923,1923,Name,s_a732d9328dd50c86,N,N,N,N,N,,,,,,
s_a79d34266a9c6dd8,1568,1568,Name,s_a79d34266a9c6dd8,N,N,N,N,N,,,,,,
s_a8f0d6bc21c4ff52,2335,2335,Name,s_a8f0d6bc21c4ff52,N,N,N,N,N,,,,,,
s_a9f776824e73971c,500,500,Name,s_a9f776824e73971c,N,N,N,N,N,,,,,,
s_aa5d80141543988a,1920,1920,Name,s_aa5d80141543988a,N,N,N,N,N,,,,,,
s_aad0be8428daea74,2122,2122,Name,s_aad0be8428daea74,N,N,N,N,N,,,,,,
s_aae19522bd3ce779,592,592,Name,s_aae19522bd3ce779,N,N,N,N,N,,,,,,
s_ab0b2e8142bbd26b,395,395,Name|VN,s_ab0b2e8142bbd26b,Nhà vệ sinh (WC - Toilet),N,Nhà vệ sinh (WC - Toilet),N,N,,,,,,
s_abf89cca643689c6,1926,1926,Name,s_abf89cca643689c6,N,N,N,N,N,,,,,,
s_adc0d964a5068c9b,1566,1566,Name,s_adc0d964a5068c9b,N,N,N,N,N,,,,,,
s_ae2a308d26d9ff3d,595,595,Name,s_ae2a308d26d9ff3d,N,N,N,N,N,,,,,,
s_ae8311c5c4a7093e,2,2,Name|VN,Cửa hàng tiện lợi,Cửa hàng tiện lợi (convenience store),Cửa hàng tiện lợi,Cửa hàng tiện lợi (convenience store),Convenience store,Convenience store,便利店,便利店,ショップ,ショップ,상점,상점
s_af99ecbae568c3d2,1573,1573,Name,s_af99ecbae568c3d2,N,N,N,N,N,,,,,,
s_b2705da9b6a60b02,2339,2339,Name,s_b2705da9b6a60b02,N,N,N,N,N,,,,,,
s_b3ef401142e10eda,1960,1960,Name,s_b3ef401142e10eda,N,N,N,N,N,,,,,,
s_b3f9bfbc9e027e96,472,472,Name,s_b3f9bfbc9e027e96,N,N,N,N,N,,,,,,
s_b47cd4bb96e54586,658,658,Name,s_b47cd4bb96e54586,N,N,N,N,N,,,,,,
s_b51ee3eb03417ea2,6,6,Name|VN,Cửa hàng tiện lợi,Cửa hàng tiện lợi (convenience store),Cửa hàng tiện lợi,Cửa hàng tiện lợi (convenience store),Convenience store,Convenience store,便利店,便利店,ショップ,ショップ,상점,상점
s_b6419b9459526ab0,2313,2313,Name,s_b6419b9459526ab0,N,N,N,N,N,,,,,,
s_b6be9de3c062e4a9,532,532,Name,s_b6be9de3c062e4a9,N,N,N,N,N,,,,,,
s_b7812a8533b2d2ff,412,412,Name,s_b7812a8533b2d2ff,N,N,N,N,N,,,,,,
s_b7c6803fe542e475,1915,1915,Name,s_b7c6803fe542e475,N,N,N,N,N,,,,,,
s_b8183367a60e2dd7,417,417,Name,s_b8183367a60e2dd7,N,N,N,N,N,,,,,,
s_b834e7f8e23d40d8,401,401,Name,s_b834e7f8e23d40d8,N,N,N,N,N,,,,,,
s_b843b7e049d37223,621,621,Name,s_b843b7e049d37223,N,N,N,N,N,,,,,,
s_b90c9a7a0035b7bd,409,409,Name,s_b90c9a7a0035b7bd,N,N,N,N,N,,,,,,
s_b9656b787797d7eb,1950,1950,Name,s_b9656b787797d7eb,N,N,N,N,N,,,,,,
s_b9e48319875b983d,1559,1559,Name,s_b9e48319875b983d,N,N,N,N,N,,,,,,
s_bad162195eaa5257,392,392,Name,s_bad162195eaa5257,N,N,N,N,N,,,,,,
s_bb22faeb0a53becb,640,640,Name,s_bb22faeb0a53becb,N,N,N,N,N,,,,,,
s_bb560e6bc85a7910,1980,1980,Name,s_bb560e6bc85a7910,N,N,N,N,N,,,,,,
s_bbc2b3c47f6b3b3f,402,402,Name,s_bbc2b3c47f6b3b3f,N,N,N,N,N,,,,,,
s_bc68fbc06919f22c,390,390,Name,s_bc68fbc06919f22c,N,N,N,N,N,,,,,,
s_bc6e88ed9889bec5,380,380,Name,s_bc6e88ed9889bec5,N,N,N,N,N,,,,,,
s_bc70465902d922f6,698,698,Name,s_bc70465902d922f6,N,N,N,N,N,,,,,,
s_bcbe25b6ec0936f8,1906,1906,Name,s_bcbe25b6ec0936f8,N,N,N,N,N,,,,,,
s_bdbafe3777ca7234,655,655,Name,s_bdbafe3777ca7234,N,N,N,N,N,,,,,,
s_bdd0597fd3d67d05,635,635,Name,s_bdd0597fd3d67d05,N,N,N,N,N,,,,,,
s_bde4a121f642a935,1574,1574,Name,s_bde4a121f642a935,N,N,N,N,N,,,,,,
s_be1186e45054ede5,394,394,Name,s_be1186e45054ede5,N,N,N,N,N,,,,,,
s_bee347796af02058,536,536,Name,s_bee347796af02058,N,N,N,N,N,,,,,,
s_beff2ab88a3e8b94,1922,1922,Name,s_beff2ab88a3e8b94,N,N,N,N,N,,,,,,
s_bf0fe30e2b1e8ad1,663,663,Name,s_bf0fe30e2b1e8ad1,N,N,N,N,N,,,,,,
s_bf29c429e9d5221b,671,671,Name,s_bf29c429e9d5221b,N,N,N,N,N,,,,,,
s_bf80f57473de61c3,693,693,Name,s_bf80f57473de61c3,N,N,N,N,N,,,,,,
s_c0beff509abec55c,2336,2336,Name,s_c0beff509abec55c,N,N,N,N,N,,,,,,
s_c122f519ff891e70,2320,2320,Name,s_c122f519ff891e70,N,N,N,N,N,,,,,,
s_c1d5dbccc5f169d6,2094,2094,Name,s_c1d5dbccc5f169d6,N,N,N,N,N,,,,,,
s_c429470554487bf9,531,531,Name,s_c429470554487bf9,N,N,N,N,N,,,,,,
s_c4a9745ff9239a49,438,438,Name,s_c4a9745ff9239a49,N,N,N,N,N,,,,,,
s_c4fb56a6d76ec4a6,420,420,Name,s_c4fb56a6d76ec4a6,N,N,N,N,N,,,,,,
s_c508f63080e99e12,510,510,Name,s_c508f63080e99e12,N,N,N,N,N,,,,,,
s_c5e51e3cfe1193dc,579,579,Name,s_c5e51e3cfe1193dc,N,N,N,N,N,,,,,,
s_c67d70eac31c7e88,413,413,Name,s_c67d70eac31c7e88,N,N,N,N,N,,,,,,
s_c6a126f6158ae770,1958,1958,Name,s_c6a126f6158ae770,N,N,N,N,N,,,,,,
s_c7b59ed1c951d620,465,465,Name,s_c7b59ed1c951d620,N,N,N,N,N,,,,,,
s_c8d5f6864cb218e5,436,436,Name,s_c8d5f6864cb218e5,N,N,N,N,N,,,,,,
s_c96c66b52d776646,643,643,Name,s_c96c66b52d776646,N,N,N,N,N,,,,,,
s_c9934a7d606e8f02,697,697,Name,s_c9934a7d606e8f02,N,N,N,N,N,,,,,,
s_cae6c80e97aa119d,598,598,Name,s_cae6c80e97aa119d,N,N,N,N,N,,,,,,
s_cb21703a63cda2b1,520,520,Name,s_cb21703a63cda2b1,N,N,N,N,N,,,,,,
s_cc68db371a09ccd7,619,619,Name,s_cc68db371a09ccd7,N,N,N,N,N,,,,,,
s_cd8a5e5503ada275,528,528,Name,s_cd8a5e5503ada275,N,N,N,N,N,,,,,,
s_ce2485708506cf7f,630,630,Name,s_ce2485708506cf7f,N,N,N,N,N,,,,,,
s_cec71faac74cb4b0,612,612,Name,s_cec71faac74cb4b0,N,N,N,N,N,,,,,,
s_cf7f35a3f89deff6,631,631,Name,s_cf7f35a3f89deff6,N,N,N,N,N,,,,,,
s_cf98018f11631dc5,583,583,Name,s_cf98018f11631dc5,N,N,N,N,N,,,,,,
s_d09c63549bb5cf8f,525,525,Name,s_d09c63549bb5cf8f,N,N,N,N,N,,,,,,
s_d1d93915b8ef8372,1954,1954,Name,s_d1d93915b8ef8372,N,N,N,N,N,,,,,,
s_d22142ff0ef7452f,496,496,Name,s_d22142ff0ef7452f,N,N,N,N,N,,,,,,
s_d2c3a0ee2ed6d700,654,654,Name,s_d2c3a0ee2ed6d700,N,N,N,N,N,,,,,,
s_d2f5ca56a6b9ce99,512,512,Name,s_d2f5ca56a6b9ce99,N,N,N,N,N,,,,,,
s_d3b34267c1306efb,1904,1904,Name,s_d3b34267c1306efb,N,N,N,N,N,,,,,,
s_d50e8442080b4002,614,614,Name,s_d50e8442080b4002,N,N,N,N,N,,,,,,
s_d528d18ea33d921e,2323,2323,Name,s_d528d18ea33d921e,N,N,N,N,N,,,,,,
s_d533afb875731bbe,2331,2331,Name,s_d533afb875731bbe,N,N,N,N,N,,,,,,
s_d7227a56fd13a7aa,467,467,Name,s_d7227a56fd13a7aa,N,N,N,N,N,,,,,,
s_d80f136e536d8d8f,669,669,Name,s_d80f136e536d8d8f,N,N,N,N,N,,,,,,
s_d883b0776c8fa94f,458,458,Name,s_d883b0776c8fa94f,N,N,N,N,N,,,,,,
s_d9d45ef3f51b0cb6,1911,1911,Name,s_d9d45ef3f51b0cb6,N,N,N,N,N,,,,,,
s_dabbc41839f268f2,1944,1944,Name,s_dabbc41839f268f2,N,N,N,N,N,,,,,,
s_dbc58eb91b3db9ac,2324,2324,Name,s_dbc58eb91b3db9ac,N,N,N,N,N,,,,,,
s_dbfcc84f22902ffa,613,613,Name,s_dbfcc84f22902ffa,N,N,N,N,N,,,,,,
s_dca2f13c223e78c9,620,620,Name,s_dca2f13c223e78c9,N,N,N,N,N,,,,,,
s_dd3fe841f719caeb,560,560,Name,s_dd3fe841f719caeb,N,N,N,N,N,,,,,,
s_de52016b333e5abe,519,519,Name,s_de52016b333e5abe,N,N,N,N,N,,,,,,
s_e050109645f402d0,474,474,Name,s_e050109645f402d0,N,N,N,N,N,,,,,,
s_e0a3a3fd1819e638,407,407,Name,s_e0a3a3fd1819e638,N,N,N,N,N,,,,,,
s_e0bae590f0867678,479,479,Name,s_e0bae590f0867678,N,N,N,N,N,,,,,,
s_e179396eba623e86,432,432,Name,s_e179396eba623e86,N,N,N,N,N,,,,,,
s_e2dde2a0f3914016,2317,2317,Name,s_e2dde2a0f3914016,N,N,N,N,N,,,,,,
s_e3067a5b2af03b27,641,641,Name,s_e3067a5b2af03b27,N,N,N,N,N,,,,,,
s_e38f1f97393f57ad,2327,2327,Name,s_e38f1f97393f57ad,N,N,N,N,N,,,,,,
s_e44772b8c115a18e,403,403,Name,s_e44772b8c115a18e,N,N,N,N,N,,,,,,
s_e457fe50b2e71ea3,540,540,Name,s_e457fe50b2e71ea3,N,N,N,N,N,,,,,,
s_e497889dfa93b6b4,574,574,Name,s_e497889dfa93b6b4,N,N,N,N,N,,,,,,
s_e505cb96a2723989,1974,1974,Name,s_e505cb96a2723989,N,N,N,N,N,,,,,,
s_e56abef317c5035b,1971,1971,Name,s_e56abef317c5035b,N,N,N,N,N,,,,,,
s_e574c0dfd6db660b,2123,2123,Name,s_e574c0dfd6db660b,N,N,N,N,N,,,,,,
s_e5c92a85bb724745,502,502,Name,s_e5c92a85bb724745,N,N,N,N,N,,,,,,
s_e617fca1c972e8ac,1940,1940,Name,s_e617fca1c972e8ac,N,N,N,N,N,,,,,,
s_e6a03815685b9ca2,382,382,Name,s_e6a03815685b9ca2,N,N,N,N,N,,,,,,
s_e6a47974db8e45fe,447,447,Name,s_e6a47974db8e45fe,N,N,N,N,N,,,,,,
s_e7ed0c0141333ea2,1910,1910,Name,s_e7ed0c0141333ea2,N,N,N,N,N,,,,,,
s_e88c9db5ffdc131f,517,517,Name,s_e88c9db5ffdc131f,N,N,N,N,N,,,,,,
s_e966c26114f5f6e1,428,428,Name,s_e966c26114f5f6e1,N,N,N,N,N,,,,,,
s_eab4afecb0d0adb3,695,695,Name,s_eab4afecb0d0adb3,N,N,N,N,N,,,,,,
s_eb662126c03cd229,1564,1564,Name,s_eb662126c03cd229,N,N,N,N,N,,,,,,
s_eb7d62f7c437f5c7,687,687,Name,s_eb7d62f7c437f5c7,N,N,N,N,N,,,,,,
s_ecc383a2b98728ad,450,450,Name,s_ecc383a2b98728ad,N,N,N,N,N,,,,,,
s_ed2f987a3ac86d0a,1932,1932,Name,s_ed2f987a3ac86d0a,N,N,N,N,N,,,,,,
s_ed69489510cafd11,576,576,Name,s_ed69489510cafd11,N,N,N,N,N,,,,,,
s_ed6be2416ad26b14,625,625,Name,s_ed6be2416ad26b14,N,N,N,N,N,,,,,,
s_edd66a24d9c3418e,398,398,Name,s_edd66a24d9c3418e,N,N,N,N,N,,,,,,
s_ef4216bddc5698d3,664,664,Name,s_ef4216bddc5698d3,N,N,N,N,N,,,,,,
s_efd8e188356ebd17,1929,1929,Name,s_efd8e188356ebd17,N,N,N,N,N,,,,,,
s_f03b0258dceb109f,645,645,Name,s_f03b0258dceb109f,N,N,N,N,N,,,,,,
s_f0c483312d1fb9f7,1945,1945,Name,s_f0c483312d1fb9f7,N,N,N,N,N,,,,,,
s_f1817f8a19fbb24a,1965,1965,Name,s_f1817f8a19fbb24a,N,N,N,N,N,,,,,,
s_f18dfa673b297351,504,504,Name,s_f18dfa673b297351,N,N,N,N,N,,,,,,
s_f19308d93fee6345,624,624,Name,s_f19308d93fee6345,N,N,N,N,N,,,,,,
s_f1aee017b221f643,666,666,Name,s_f1aee017b221f643,N,N,N,N,N,,,,,,
s_f20f85051103c954,605,605,Name,s_f20f85051103c954,N,N,N,N,N,,,,,,
s_f2628396e00d531c,453,453,Name,s_f2628396e00d531c,N,N,N,N,N,,,,,,
s_f2ab1f11a9841c4a,419,419,Name,s_f2ab1f11a9841c4a,N,N,N,N,N,,,,,,
s_f441fe92c0fd9381,429,429,Name,s_f441fe92c0fd9381,N,N,N,N,N,,,,,,
s_f57f83ce1f27637f,391,391,Name,s_f57f83ce1f27637f,N,N,N,N,N,,,,,,
s_f60bbeef68af9097,1927,1927,Name,s_f60bbeef68af9097,N,N,N,N,N,,,,,,
s_f62d1bc00de7e58e,615,615,Name,s_f62d1bc00de7e58e,N,N,N,N,N,,,,,,
s_f6c36201c2298cd0,385,385,Name,s_f6c36201c2298cd0,N,N,N,N,N,,,,,,
s_f7d0aa8807dfe279,397,397,Name,s_f7d0aa8807dfe279,N,N,N,N,N,,,,,,
s_f7db17aa4d530a32,1560,1560,Name,s_f7db17aa4d530a32,N,N,N,N,N,,,,,,
s_f82579a05c419c56,249,249,Name|VN,Cửa hàng tiện lợi,Cửa hàng tiện lợi (convenience store),Cửa hàng tiện lợi,Cửa hàng tiện lợi (convenience store),Convenience store,Convenience store,便利店,便利店,ショップ,ショップ,상점,상점
s_f8a2e4c59561b5bf,473,473,Name,s_f8a2e4c59561b5bf,N,N,N,N,N,,,,,,
s_fa64466c42ca32e1,153,153,Name|VN,Cửa hàng tiện lợi,Cửa hàng tiện lợi (convenience store),Cửa hàng tiện lợi,Cửa hàng tiện lợi (convenience store),Convenience store,Convenience store,便利店,便利店,ショップ,ショップ,상점,상점
s_fa8a4d2fe3bbb693,564,564,Name,s_fa8a4d2fe3bbb693,N,N,N,N,N,,,,,,
s_fb4dbe3dde355873,551,551,Name,s_fb4dbe3dde355873,N,N,N,N,N,,,,,,
s_fd04c8bb7f0d1aeb,1908,1908,Name,s_fd04c8bb7f0d1aeb,N,N,N,N,N,,,,,,
s_fd24a95edf4c17cb,676,676,Name,s_fd24a95edf4c17cb,N,N,N,N,N,,,,,,
s_fdc0246bed3873be,674,674,Name,s_fdc0246bed3873be,N,N,N,N,N,,,,,,
s_fdeb04be3fa3b1c0,1947,1947,Name,s_fdeb04be3fa3b1c0,N,N,N,N,N,,,,,,
s_fea947f76c0d535f,1969,1969,Name,s_fea947f76c0d535f,N,N,N,N,N,,,,,,
s_ff5ae7d9b16c5d3b,633,633,Name,s_ff5ae7d9b16c5d3b,N,N,N,N,N,,,,,,
s_ffe2d24e355bc57e,469,469,Name,s_ffe2d24e355bc57e,N,N,N,N,N,,,,,,
